src,dst,src_staff_id,dst_staff_id,epoch_t
S0152,S0128,S0152,S0128,1
S0136,S0074,S0136,S0074,1
S0191,S0113,S0191,S0113,1
S0147,S0041,S0147,S0041,1
S0085,S0029,S0085,S0029,1
S0219,S0156,S0219,S0156,1
S0020,S0187,S0020,S0187,1
S0138,S0106,S0138,S0106,1
S0153,S0195,S0153,S0195,1
S0028,S0217,S0028,S0217,1
S0120,S0060,S0120,S0060,1
S0018,S0085,S0018,S0085,1
S0188,S0042,S0188,S0042,1
S0144,S0140,S0144,S0140,1
S0039,S0036,S0039,S0036,1
S0080,S0152,S0080,S0152,1
S0191,S0024,S0191,S0024,1
S0114,S0152,S0114,S0152,1
S0168,S0043,S0168,S0043,1
S0032,S0049,S0032,S0049,1
S0106,S0032,S0106,S0032,1
S0035,S0050,S0035,S0050,1
S0086,S0091,S0086,S0091,1
S0015,S0168,S0015,S0168,1
S0188,S0213,S0188,S0213,1
S0096,S0050,S0096,S0050,1
S0021,S0010,S0021,S0010,1
S0143,S0207,S0143,S0207,1
S0032,S0153,S0032,S0153,1
S0085,S0117,S0085,S0117,1
S0061,S0130,S0061,S0130,1
S0145,S0152,S0145,S0152,1
S0207,S0080,S0207,S0080,1
S0173,S0035,S0173,S0035,1
S0098,S0116,S0098,S0116,1
S0103,S0122,S0103,S0122,1
S0064,S0179,S0064,S0179,1
S0161,S0063,S0161,S0063,1
S0006,S0043,S0006,S0043,1
S0138,S0201,S0138,S0201,1
S0073,S0080,S0073,S0080,1
S0014,S0030,S0014,S0030,1
S0155,S0016,S0155,S0016,1
S0118,S0210,S0118,S0210,1
S0199,S0015,S0199,S0015,1
S0026,S0095,S0026,S0095,1
S0213,S0118,S0213,S0118,1
S0097,S0113,S0097,S0113,1
S0063,S0213,S0063,S0213,1
S0151,S0064,S0151,S0064,1
S0200,S0136,S0200,S0136,1
S0008,S0011,S0008,S0011,1
S0103,S0205,S0103,S0205,1
S0199,S0034,S0199,S0034,1
S0005,S0014,S0005,S0014,1
S0147,S0043,S0147,S0043,1
S0034,S0167,S0034,S0167,1
S0173,S0122,S0173,S0122,1
S0176,S0091,S0176,S0091,1
S0023,S0178,S0023,S0178,1
S0180,S0166,S0180,S0166,1
S0144,S0202,S0144,S0202,1
S0018,S0112,S0018,S0112,1
S0094,S0115,S0094,S0115,1
S0058,S0017,S0058,S0017,1
S0099,S0206,S0099,S0206,1
S0086,S0146,S0086,S0146,1
S0035,S0164,S0035,S0164,1
S0187,S0077,S0187,S0077,1
S0127,S0194,S0127,S0194,1
S0148,S0181,S0148,S0181,1
S0208,S0085,S0208,S0085,1
S0104,S0117,S0104,S0117,1
S0060,S0202,S0060,S0202,1
S0142,S0058,S0142,S0058,1
S0090,S0036,S0090,S0036,1
S0006,S0207,S0006,S0207,1
S0190,S0218,S0190,S0218,1
S0121,S0029,S0121,S0029,1
S0145,S0196,S0145,S0196,1
S0078,S0019,S0078,S0019,1
S0121,S0015,S0121,S0015,1
S0104,S0201,S0104,S0201,1
S0044,S0017,S0044,S0017,1
S0009,S0090,S0009,S0090,1
S0214,S0209,S0214,S0209,1
S0160,S0029,S0160,S0029,1
S0063,S0100,S0063,S0100,1
S0112,S0116,S0112,S0116,1
S0133,S0112,S0133,S0112,1
S0076,S0073,S0076,S0073,1
S0137,S0102,S0137,S0102,1
S0169,S0139,S0169,S0139,1
S0138,S0130,S0138,S0130,1
S0215,S0020,S0215,S0020,1
S0160,S0167,S0160,S0167,1
S0125,S0160,S0125,S0160,1
S0182,S0184,S0182,S0184,1
S0090,S0026,S0090,S0026,1
S0206,S0067,S0206,S0067,1
S0152,S0219,S0152,S0219,1
S0041,S0055,S0041,S0055,1
S0138,S0114,S0138,S0114,1
S0198,S0191,S0198,S0191,1
S0140,S0035,S0140,S0035,1
S0171,S0047,S0171,S0047,1
S0027,S0096,S0027,S0096,1
S0126,S0014,S0126,S0014,1
S0065,S0058,S0065,S0058,1
S0151,S0025,S0151,S0025,1
S0117,S0077,S0117,S0077,1
S0212,S0056,S0212,S0056,1
S0127,S0153,S0127,S0153,1
S0093,S0024,S0093,S0024,1
S0072,S0076,S0072,S0076,1
S0147,S0148,S0147,S0148,1
S0008,S0175,S0008,S0175,1
S0148,S0145,S0148,S0145,1
S0108,S0208,S0108,S0208,1
S0170,S0163,S0170,S0163,1
S0057,S0014,S0057,S0014,1
S0133,S0117,S0133,S0117,1
S0128,S0036,S0128,S0036,1
S0051,S0151,S0051,S0151,1
S0037,S0138,S0037,S0138,1
S0061,S0083,S0061,S0083,1
S0167,S0183,S0167,S0183,1
S0016,S0023,S0016,S0023,1
S0007,S0156,S0007,S0156,1
S0184,S0187,S0184,S0187,1
S0028,S0201,S0028,S0201,1
S0071,S0157,S0071,S0157,1
S0065,S0115,S0065,S0115,1
S0138,S0148,S0138,S0148,1
S0112,S0162,S0112,S0162,1
S0202,S0019,S0202,S0019,1
S0061,S0138,S0061,S0138,1
S0135,S0147,S0135,S0147,1
S0208,S0167,S0208,S0167,1
S0177,S0004,S0177,S0004,1
S0067,S0090,S0067,S0090,1
S0203,S0073,S0203,S0073,1
S0201,S0104,S0201,S0104,1
S0104,S0012,S0104,S0012,1
S0114,S0124,S0114,S0124,1
S0193,S0027,S0193,S0027,1
S0043,S0032,S0043,S0032,1
S0006,S0213,S0006,S0213,1
S0213,S0076,S0213,S0076,1
S0063,S0141,S0063,S0141,1
S0048,S0044,S0048,S0044,1
S0013,S0194,S0013,S0194,1
S0120,S0154,S0120,S0154,1
S0183,S0194,S0183,S0194,1
S0151,S0075,S0151,S0075,1
S0158,S0131,S0158,S0131,1
S0120,S0002,S0120,S0002,1
S0157,S0187,S0157,S0187,1
S0092,S0040,S0092,S0040,1
S0175,S0051,S0175,S0051,1
S0165,S0142,S0165,S0142,1
S0097,S0129,S0097,S0129,1
S0185,S0204,S0185,S0204,1
S0017,S0002,S0017,S0002,1
S0103,S0064,S0103,S0064,1
S0166,S0157,S0166,S0157,1
S0150,S0123,S0150,S0123,1
S0063,S0031,S0063,S0031,1
S0095,S0200,S0095,S0200,1
S0023,S0071,S0023,S0071,1
S0204,S0162,S0204,S0162,1
S0056,S0013,S0056,S0013,1
S0020,S0028,S0020,S0028,1
S0130,S0022,S0130,S0022,1
S0028,S0219,S0028,S0219,1
S0205,S0112,S0205,S0112,1
S0060,S0172,S0060,S0172,1
S0057,S0067,S0057,S0067,1
S0220,S0056,S0220,S0056,1
S0156,S0005,S0156,S0005,1
S0016,S0125,S0016,S0125,1
S0178,S0215,S0178,S0215,1
S0089,S0092,S0089,S0092,1
S0157,S0211,S0157,S0211,1
S0219,S0149,S0219,S0149,1
S0025,S0174,S0025,S0174,1
S0019,S0161,S0019,S0161,1
S0021,S0059,S0021,S0059,1
S0169,S0007,S0169,S0007,1
S0161,S0194,S0161,S0194,1
S0059,S0160,S0059,S0160,1
S0212,S0081,S0212,S0081,1
S0199,S0127,S0199,S0127,1
S0120,S0130,S0120,S0130,1
S0071,S0059,S0071,S0059,1
S0008,S0091,S0008,S0091,1
S0046,S0163,S0046,S0163,1
S0209,S0016,S0209,S0016,1
S0020,S0196,S0020,S0196,1
S0010,S0082,S0010,S0082,1
S0219,S0009,S0219,S0009,1
S0057,S0165,S0057,S0165,1
S0103,S0055,S0103,S0055,1
S0069,S0053,S0069,S0053,1
S0090,S0007,S0090,S0007,1
S0115,S0093,S0115,S0093,1
S0145,S0219,S0145,S0219,1
S0171,S0084,S0171,S0084,1
S0132,S0007,S0132,S0007,1
S0176,S0152,S0176,S0152,1
S0150,S0102,S0150,S0102,1
S0129,S0023,S0129,S0023,1
S0188,S0203,S0188,S0203,1
S0003,S0009,S0003,S0009,1
S0137,S0051,S0137,S0051,1
S0212,S0003,S0212,S0003,1
S0211,S0077,S0211,S0077,1
S0125,S0158,S0125,S0158,1
S0042,S0065,S0042,S0065,1
S0031,S0195,S0031,S0195,1
S0122,S0037,S0122,S0037,1
S0113,S0114,S0113,S0114,1
S0163,S0109,S0163,S0109,1
S0158,S0168,S0158,S0168,1
S0141,S0021,S0141,S0021,1
S0033,S0160,S0033,S0160,1
S0059,S0026,S0059,S0026,1
S0062,S0213,S0062,S0213,1
S0023,S0084,S0023,S0084,1
S0037,S0066,S0037,S0066,1
S0070,S0022,S0070,S0022,1
S0116,S0073,S0116,S0073,1
S0165,S0074,S0165,S0074,1
S0095,S0201,S0095,S0201,1
S0090,S0174,S0090,S0174,1
S0166,S0182,S0166,S0182,1
S0067,S0007,S0067,S0007,1
S0158,S0042,S0158,S0042,1
S0036,S0105,S0036,S0105,1
S0085,S0108,S0085,S0108,1
S0019,S0094,S0019,S0094,1
S0066,S0041,S0066,S0041,1
S0090,S0053,S0090,S0053,1
S0162,S0163,S0162,S0163,1
S0142,S0068,S0142,S0068,1
S0189,S0213,S0189,S0213,1
S0214,S0101,S0214,S0101,1
S0177,S0058,S0177,S0058,1
S0186,S0091,S0186,S0091,1
S0158,S0076,S0158,S0076,1
S0054,S0072,S0054,S0072,1
S0142,S0059,S0142,S0059,1
S0160,S0187,S0160,S0187,1
S0018,S0089,S0018,S0089,1
S0213,S0177,S0213,S0177,1
S0026,S0100,S0026,S0100,1
S0205,S0130,S0205,S0130,1
S0047,S0157,S0047,S0157,1
S0208,S0135,S0208,S0135,1
S0131,S0061,S0131,S0061,1
S0089,S0186,S0089,S0186,1
S0122,S0207,S0122,S0207,1
S0210,S0048,S0210,S0048,1
S0101,S0089,S0101,S0089,1
S0015,S0088,S0015,S0088,1
S0182,S0130,S0182,S0130,1
S0130,S0185,S0130,S0185,1
S0149,S0139,S0149,S0139,1
S0027,S0030,S0027,S0030,1
S0064,S0034,S0064,S0034,1
S0148,S0078,S0148,S0078,1
S0206,S0151,S0206,S0151,1
S0088,S0208,S0088,S0208,1
S0071,S0164,S0071,S0164,1
S0220,S0106,S0220,S0106,1
S0212,S0069,S0212,S0069,1
S0103,S0096,S0103,S0096,1
S0146,S0186,S0146,S0186,1
S0177,S0144,S0177,S0144,1
S0183,S0099,S0183,S0099,1
S0080,S0073,S0080,S0073,1
S0169,S0218,S0169,S0218,1
S0056,S0085,S0056,S0085,1
S0190,S0082,S0190,S0082,1
S0205,S0019,S0205,S0019,1
S0183,S0115,S0183,S0115,1
S0089,S0180,S0089,S0180,1
S0114,S0058,S0114,S0058,1
S0071,S0199,S0071,S0199,1
S0019,S0075,S0019,S0075,1
S0217,S0163,S0217,S0163,1
S0126,S0077,S0126,S0077,1
S0076,S0023,S0076,S0023,1
S0088,S0015,S0088,S0015,1
S0171,S0092,S0171,S0092,1
S0141,S0103,S0141,S0103,1
S0157,S0071,S0157,S0071,1
S0181,S0144,S0181,S0144,1
S0127,S0043,S0127,S0043,1
S0219,S0174,S0219,S0174,1
S0171,S0112,S0171,S0112,2
S0214,S0133,S0214,S0133,2
S0160,S0159,S0160,S0159,2
S0034,S0197,S0034,S0197,2
S0152,S0147,S0152,S0147,2
S0052,S0127,S0052,S0127,2
S0083,S0014,S0083,S0014,2
S0021,S0146,S0021,S0146,2
S0124,S0020,S0124,S0020,2
S0014,S0068,S0014,S0068,2
S0119,S0075,S0119,S0075,2
S0202,S0026,S0202,S0026,2
S0148,S0016,S0148,S0016,2
S0168,S0108,S0168,S0108,2
S0014,S0075,S0014,S0075,2
S0198,S0120,S0198,S0120,2
S0036,S0042,S0036,S0042,2
S0065,S0168,S0065,S0168,2
S0026,S0045,S0026,S0045,2
S0202,S0180,S0202,S0180,2
S0012,S0087,S0012,S0087,2
S0035,S0066,S0035,S0066,2
S0050,S0075,S0050,S0075,2
S0008,S0100,S0008,S0100,2
S0038,S0025,S0038,S0025,2
S0158,S0073,S0158,S0073,2
S0208,S0146,S0208,S0146,2
S0122,S0024,S0122,S0024,2
S0069,S0153,S0069,S0153,2
S0052,S0004,S0052,S0004,2
S0202,S0081,S0202,S0081,2
S0037,S0173,S0037,S0173,2
S0052,S0206,S0052,S0206,2
S0087,S0196,S0087,S0196,2
S0197,S0073,S0197,S0073,2
S0132,S0151,S0132,S0151,2
S0010,S0032,S0010,S0032,2
S0016,S0054,S0016,S0054,2
S0019,S0109,S0019,S0109,2
S0086,S0058,S0086,S0058,2
S0056,S0124,S0056,S0124,2
S0062,S0013,S0062,S0013,2
S0158,S0220,S0158,S0220,2
S0179,S0075,S0179,S0075,2
S0051,S0078,S0051,S0078,2
S0134,S0150,S0134,S0150,2
S0155,S0118,S0155,S0118,2
S0029,S0202,S0029,S0202,2
S0185,S0131,S0185,S0131,2
S0108,S0206,S0108,S0206,2
S0086,S0007,S0086,S0007,2
S0116,S0132,S0116,S0132,2
S0030,S0111,S0030,S0111,2
S0002,S0155,S0002,S0155,2
S0163,S0202,S0163,S0202,2
S0019,S0143,S0019,S0143,2
S0149,S0119,S0149,S0119,2
S0195,S0065,S0195,S0065,2
S0115,S0106,S0115,S0106,2
S0148,S0185,S0148,S0185,2
S0065,S0100,S0065,S0100,2
S0083,S0152,S0083,S0152,2
S0171,S0112,S0171,S0112,2
S0013,S0171,S0013,S0171,2
S0008,S0144,S0008,S0144,2
S0143,S0033,S0143,S0033,2
S0068,S0106,S0068,S0106,2
S0091,S0157,S0091,S0157,2
S0013,S0131,S0013,S0131,2
S0213,S0060,S0213,S0060,2
S0006,S0211,S0006,S0211,2
S0219,S0167,S0219,S0167,2
S0151,S0015,S0151,S0015,2
S0160,S0143,S0160,S0143,2
S0128,S0193,S0128,S0193,2
S0015,S0008,S0015,S0008,2
S0035,S0023,S0035,S0023,2
S0147,S0139,S0147,S0139,2
S0024,S0017,S0024,S0017,2
S0180,S0073,S0180,S0073,2
S0093,S0051,S0093,S0051,2
S0158,S0085,S0158,S0085,2
S0081,S0085,S0081,S0085,2
S0038,S0173,S0038,S0173,2
S0185,S0156,S0185,S0156,2
S0117,S0152,S0117,S0152,2
S0132,S0011,S0132,S0011,2
S0015,S0017,S0015,S0017,2
S0042,S0081,S0042,S0081,2
S0021,S0109,S0021,S0109,2
S0020,S0184,S0020,S0184,2
S0047,S0143,S0047,S0143,2
S0063,S0148,S0063,S0148,2
S0123,S0045,S0123,S0045,2
S0009,S0091,S0009,S0091,2
S0079,S0071,S0079,S0071,2
S0015,S0034,S0015,S0034,2
S0095,S0100,S0095,S0100,2
S0022,S0030,S0022,S0030,2
S0133,S0022,S0133,S0022,2
S0170,S0201,S0170,S0201,2
S0204,S0122,S0204,S0122,2
S0189,S0059,S0189,S0059,2
S0155,S0190,S0155,S0190,2
S0201,S0030,S0201,S0030,2
S0155,S0177,S0155,S0177,2
S0034,S0121,S0034,S0121,2
S0021,S0142,S0021,S0142,2
S0203,S0048,S0203,S0048,2
S0042,S0034,S0042,S0034,2
S0072,S0002,S0072,S0002,2
S0080,S0190,S0080,S0190,2
S0201,S0105,S0201,S0105,2
S0040,S0186,S0040,S0186,2
S0096,S0198,S0096,S0198,2
S0020,S0025,S0020,S0025,2
S0065,S0050,S0065,S0050,2
S0169,S0187,S0169,S0187,2
S0067,S0196,S0067,S0196,2
S0053,S0217,S0053,S0217,2
S0164,S0151,S0164,S0151,2
S0104,S0054,S0104,S0054,2
S0050,S0154,S0050,S0154,2
S0186,S0123,S0186,S0123,2
S0005,S0003,S0005,S0003,2
S0068,S0117,S0068,S0117,2
S0144,S0175,S0144,S0175,2
S0118,S0144,S0118,S0144,2
S0085,S0087,S0085,S0087,2
S0103,S0094,S0103,S0094,2
S0042,S0062,S0042,S0062,2
S0218,S0029,S0218,S0029,2
S0020,S0047,S0020,S0047,2
S0184,S0183,S0184,S0183,2
S0147,S0114,S0147,S0114,2
S0005,S0196,S0005,S0196,2
S0056,S0148,S0056,S0148,2
S0079,S0129,S0079,S0129,2
S0142,S0125,S0142,S0125,2
S0063,S0186,S0063,S0186,2
S0025,S0060,S0025,S0060,2
S0199,S0210,S0199,S0210,2
S0152,S0153,S0152,S0153,2
S0009,S0014,S0009,S0014,2
S0208,S0102,S0208,S0102,2
S0016,S0137,S0016,S0137,2
S0139,S0186,S0139,S0186,2
S0165,S0034,S0165,S0034,2
S0095,S0028,S0095,S0028,2
S0042,S0206,S0042,S0206,2
S0184,S0059,S0184,S0059,2
S0004,S0089,S0004,S0089,2
S0138,S0116,S0138,S0116,2
S0199,S0013,S0199,S0013,2
S0138,S0130,S0138,S0130,2
S0079,S0189,S0079,S0189,2
S0167,S0028,S0167,S0028,2
S0156,S0040,S0156,S0040,2
S0052,S0151,S0052,S0151,2
S0180,S0116,S0180,S0116,2
S0109,S0202,S0109,S0202,2
S0004,S0044,S0004,S0044,2
S0074,S0129,S0074,S0129,2
S0120,S0159,S0120,S0159,2
S0101,S0111,S0101,S0111,2
S0037,S0149,S0037,S0149,2
S0061,S0159,S0061,S0159,2
S0108,S0170,S0108,S0170,2
S0109,S0218,S0109,S0218,2
S0048,S0098,S0048,S0098,2
S0167,S0094,S0167,S0094,2
S0016,S0052,S0016,S0052,2
S0116,S0068,S0116,S0068,2
S0065,S0050,S0065,S0050,2
S0105,S0149,S0105,S0149,2
S0018,S0020,S0018,S0020,2
S0019,S0003,S0019,S0003,2
S0080,S0100,S0080,S0100,2
S0099,S0140,S0099,S0140,2
S0052,S0033,S0052,S0033,2
S0100,S0206,S0100,S0206,2
S0087,S0089,S0087,S0089,2
S0039,S0012,S0039,S0012,2
S0109,S0045,S0109,S0045,2
S0078,S0010,S0078,S0010,2
S0040,S0016,S0040,S0016,2
S0172,S0123,S0172,S0123,2
S0163,S0191,S0163,S0191,2
S0182,S0061,S0182,S0061,2
S0193,S0058,S0193,S0058,2
S0041,S0143,S0041,S0143,2
S0173,S0068,S0173,S0068,2
S0113,S0188,S0113,S0188,2
S0155,S0090,S0155,S0090,2
S0041,S0048,S0041,S0048,2
S0018,S0128,S0018,S0128,2
S0038,S0147,S0038,S0147,2
S0150,S0171,S0150,S0171,2
S0127,S0074,S0127,S0074,2
S0086,S0120,S0086,S0120,2
S0145,S0022,S0145,S0022,2
S0079,S0187,S0079,S0187,2
S0151,S0056,S0151,S0056,2
S0077,S0040,S0077,S0040,2
S0180,S0030,S0180,S0030,2
S0219,S0112,S0219,S0112,2
S0136,S0185,S0136,S0185,2
S0192,S0006,S0192,S0006,2
S0166,S0062,S0166,S0062,2
S0067,S0108,S0067,S0108,2
S0180,S0038,S0180,S0038,2
S0128,S0094,S0128,S0094,2
S0198,S0015,S0198,S0015,2
S0192,S0124,S0192,S0124,2
S0098,S0082,S0098,S0082,2
S0130,S0169,S0130,S0169,2
S0079,S0070,S0079,S0070,2
S0097,S0053,S0097,S0053,2
S0147,S0079,S0147,S0079,2
S0009,S0074,S0009,S0074,2
S0034,S0201,S0034,S0201,2
S0191,S0007,S0191,S0007,2
S0048,S0133,S0048,S0133,2
S0097,S0038,S0097,S0038,2
S0197,S0063,S0197,S0063,2
S0041,S0062,S0041,S0062,2
S0169,S0082,S0169,S0082,2
S0180,S0157,S0180,S0157,2
S0043,S0207,S0043,S0207,2
S0024,S0152,S0024,S0152,2
S0198,S0063,S0198,S0063,2
S0147,S0117,S0147,S0117,2
S0186,S0111,S0186,S0111,2
S0111,S0188,S0111,S0188,2
S0091,S0121,S0091,S0121,2
S0055,S0182,S0055,S0182,2
S0112,S0054,S0112,S0054,2
S0187,S0009,S0187,S0009,2
S0075,S0007,S0075,S0007,2
S0091,S0131,S0091,S0131,2
S0096,S0028,S0096,S0028,2
S0167,S0163,S0167,S0163,2
S0105,S0219,S0105,S0219,2
S0219,S0177,S0219,S0177,2
S0028,S0211,S0028,S0211,2
S0147,S0043,S0147,S0043,2
S0020,S0032,S0020,S0032,2
S0005,S0060,S0005,S0060,2
S0102,S0032,S0102,S0032,2
S0063,S0149,S0063,S0149,2
S0118,S0042,S0118,S0042,2
S0161,S0200,S0161,S0200,2
S0186,S0177,S0186,S0177,2
S0180,S0163,S0180,S0163,2
S0163,S0080,S0163,S0080,2
S0027,S0001,S0027,S0001,2
S0065,S0151,S0065,S0151,2
S0140,S0102,S0140,S0102,2
S0213,S0044,S0213,S0044,2
S0081,S0182,S0081,S0182,2
S0213,S0196,S0213,S0196,2
S0164,S0018,S0164,S0018,2
S0096,S0151,S0096,S0151,2
S0190,S0068,S0190,S0068,2
S0090,S0140,S0090,S0140,2
S0149,S0170,S0149,S0170,2
S0051,S0008,S0051,S0008,2
S0082,S0078,S0082,S0078,2
S0044,S0176,S0044,S0176,2
S0211,S0161,S0211,S0161,2
S0172,S0105,S0172,S0105,2
S0150,S0090,S0150,S0090,2
S0178,S0181,S0178,S0181,2
S0139,S0095,S0139,S0095,2
S0131,S0158,S0131,S0158,2
S0140,S0216,S0140,S0216,2
S0207,S0030,S0207,S0030,2
S0031,S0142,S0031,S0142,2
S0200,S0070,S0200,S0070,2
S0061,S0214,S0061,S0214,2
S0128,S0134,S0128,S0134,2
S0109,S0076,S0109,S0076,2
S0103,S0128,S0103,S0128,2
S0074,S0220,S0074,S0220,2
S0034,S0109,S0034,S0109,2
S0177,S0057,S0177,S0057,2
S0006,S0105,S0006,S0105,2
S0212,S0218,S0212,S0218,2
S0114,S0085,S0114,S0085,2
S0145,S0074,S0145,S0074,2
S0216,S0100,S0216,S0100,2
S0209,S0057,S0209,S0057,2
S0110,S0165,S0110,S0165,2
S0085,S0102,S0085,S0102,2
S0049,S0212,S0049,S0212,2
S0125,S0017,S0125,S0017,2
S0048,S0070,S0048,S0070,2
S0201,S0207,S0201,S0207,2
S0050,S0097,S0050,S0097,2
S0035,S0066,S0035,S0066,2
S0211,S0142,S0211,S0142,3
S0113,S0204,S0113,S0204,3
S0180,S0167,S0180,S0167,3
S0051,S0144,S0051,S0144,3
S0059,S0219,S0059,S0219,3
S0081,S0093,S0081,S0093,3
S0076,S0039,S0076,S0039,3
S0061,S0213,S0061,S0213,3
S0027,S0075,S0027,S0075,3
S0125,S0108,S0125,S0108,3
S0075,S0120,S0075,S0120,3
S0071,S0093,S0071,S0093,3
S0100,S0092,S0100,S0092,3
S0184,S0118,S0184,S0118,3
S0070,S0055,S0070,S0055,3
S0220,S0204,S0220,S0204,3
S0069,S0012,S0069,S0012,3
S0157,S0041,S0157,S0041,3
S0009,S0025,S0009,S0025,3
S0052,S0176,S0052,S0176,3
S0030,S0014,S0030,S0014,3
S0061,S0155,S0061,S0155,3
S0162,S0038,S0162,S0038,3
S0176,S0158,S0176,S0158,3
S0006,S0201,S0006,S0201,3
S0119,S0209,S0119,S0209,3
S0042,S0102,S0042,S0102,3
S0062,S0197,S0062,S0197,3
S0114,S0030,S0114,S0030,3
S0099,S0108,S0099,S0108,3
S0024,S0149,S0024,S0149,3
S0210,S0118,S0210,S0118,3
S0024,S0155,S0024,S0155,3
S0212,S0130,S0212,S0130,3
S0172,S0143,S0172,S0143,3
S0076,S0150,S0076,S0150,3
S0105,S0072,S0105,S0072,3
S0149,S0136,S0149,S0136,3
S0051,S0018,S0051,S0018,3
S0008,S0158,S0008,S0158,3
S0197,S0078,S0197,S0078,3
S0126,S0012,S0126,S0012,3
S0061,S0031,S0061,S0031,3
S0084,S0020,S0084,S0020,3
S0129,S0085,S0129,S0085,3
S0140,S0039,S0140,S0039,3
S0093,S0201,S0093,S0201,3
S0156,S0101,S0156,S0101,3
S0181,S0029,S0181,S0029,3
S0011,S0198,S0011,S0198,3
S0044,S0192,S0044,S0192,3
S0201,S0057,S0201,S0057,3
S0040,S0008,S0040,S0008,3
S0029,S0128,S0029,S0128,3
S0188,S0090,S0188,S0090,3
S0119,S0064,S0119,S0064,3
S0121,S0216,S0121,S0216,3
S0154,S0184,S0154,S0184,3
S0162,S0030,S0162,S0030,3
S0180,S0042,S0180,S0042,3
S0057,S0197,S0057,S0197,3
S0041,S0042,S0041,S0042,3
S0112,S0135,S0112,S0135,3
S0095,S0196,S0095,S0196,3
S0075,S0114,S0075,S0114,3
S0086,S0129,S0086,S0129,3
S0220,S0121,S0220,S0121,3
S0096,S0200,S0096,S0200,3
S0126,S0192,S0126,S0192,3
S0183,S0189,S0183,S0189,3
S0200,S0162,S0200,S0162,3
S0151,S0048,S0151,S0048,3
S0001,S0212,S0001,S0212,3
S0022,S0162,S0022,S0162,3
S0044,S0093,S0044,S0093,3
S0140,S0138,S0140,S0138,3
S0060,S0198,S0060,S0198,3
S0151,S0004,S0151,S0004,3
S0056,S0042,S0056,S0042,3
S0007,S0003,S0007,S0003,3
S0056,S0164,S0056,S0164,3
S0102,S0044,S0102,S0044,3
S0047,S0093,S0047,S0093,3
S0075,S0113,S0075,S0113,3
S0044,S0146,S0044,S0146,3
S0083,S0208,S0083,S0208,3
S0005,S0097,S0005,S0097,3
S0146,S0097,S0146,S0097,3
S0125,S0113,S0125,S0113,3
S0127,S0123,S0127,S0123,3
S0058,S0112,S0058,S0112,3
S0028,S0072,S0028,S0072,3
S0034,S0062,S0034,S0062,3
S0123,S0114,S0123,S0114,3
S0128,S0161,S0128,S0161,3
S0189,S0046,S0189,S0046,3
S0181,S0007,S0181,S0007,3
S0186,S0175,S0186,S0175,3
S0120,S0046,S0120,S0046,3
S0058,S0035,S0058,S0035,3
S0194,S0172,S0194,S0172,3
S0166,S0032,S0166,S0032,3
S0032,S0101,S0032,S0101,3
S0172,S0104,S0172,S0104,3
S0007,S0143,S0007,S0143,3
S0058,S0186,S0058,S0186,3
S0204,S0188,S0204,S0188,3
S0015,S0182,S0015,S0182,3
S0120,S0206,S0120,S0206,3
S0019,S0170,S0019,S0170,3
S0107,S0103,S0107,S0103,3
S0014,S0179,S0014,S0179,3
S0068,S0012,S0068,S0012,3
S0121,S0075,S0121,S0075,3
S0053,S0154,S0053,S0154,3
S0002,S0204,S0002,S0204,3
S0134,S0181,S0134,S0181,3
S0067,S0021,S0067,S0021,3
S0116,S0169,S0116,S0169,3
S0006,S0109,S0006,S0109,3
S0009,S0192,S0009,S0192,3
S0030,S0133,S0030,S0133,3
S0178,S0037,S0178,S0037,3
S0026,S0007,S0026,S0007,3
S0176,S0160,S0176,S0160,3
S0159,S0190,S0159,S0190,3
S0170,S0127,S0170,S0127,3
S0109,S0089,S0109,S0089,3
S0030,S0091,S0030,S0091,3
S0092,S0133,S0092,S0133,3
S0036,S0215,S0036,S0215,3
S0191,S0063,S0191,S0063,3
S0096,S0007,S0096,S0007,3
S0016,S0212,S0016,S0212,3
S0014,S0172,S0014,S0172,3
S0103,S0169,S0103,S0169,3
S0022,S0158,S0022,S0158,3
S0155,S0012,S0155,S0012,3
S0207,S0074,S0207,S0074,3
S0115,S0176,S0115,S0176,3
S0161,S0067,S0161,S0067,3
S0051,S0136,S0051,S0136,3
S0211,S0190,S0211,S0190,3
S0126,S0060,S0126,S0060,3
S0152,S0215,S0152,S0215,3
S0195,S0049,S0195,S0049,3
S0184,S0078,S0184,S0078,3
S0145,S0154,S0145,S0154,3
S0073,S0214,S0073,S0214,3
S0137,S0045,S0137,S0045,3
S0137,S0062,S0137,S0062,3
S0034,S0048,S0034,S0048,3
S0060,S0158,S0060,S0158,3
S0139,S0029,S0139,S0029,3
S0141,S0148,S0141,S0148,3
S0128,S0210,S0128,S0210,3
S0079,S0087,S0079,S0087,3
S0088,S0118,S0088,S0118,3
S0052,S0098,S0052,S0098,3
S0013,S0001,S0013,S0001,3
S0084,S0072,S0084,S0072,3
S0175,S0212,S0175,S0212,3
S0088,S0091,S0088,S0091,3
S0054,S0198,S0054,S0198,3
S0179,S0095,S0179,S0095,3
S0103,S0187,S0103,S0187,3
S0122,S0072,S0122,S0072,3
S0018,S0060,S0018,S0060,3
S0158,S0103,S0158,S0103,3
S0159,S0084,S0159,S0084,3
S0190,S0216,S0190,S0216,3
S0038,S0220,S0038,S0220,3
S0016,S0175,S0016,S0175,3
S0156,S0142,S0156,S0142,3
S0214,S0155,S0214,S0155,3
S0106,S0091,S0106,S0091,3
S0140,S0035,S0140,S0035,3
S0156,S0175,S0156,S0175,3
S0020,S0149,S0020,S0149,3
S0132,S0189,S0132,S0189,3
S0033,S0218,S0033,S0218,3
S0185,S0151,S0185,S0151,3
S0026,S0109,S0026,S0109,3
S0106,S0159,S0106,S0159,3
S0210,S0089,S0210,S0089,3
S0011,S0189,S0011,S0189,3
S0076,S0133,S0076,S0133,3
S0037,S0068,S0037,S0068,3
S0205,S0071,S0205,S0071,3
S0209,S0214,S0209,S0214,3
S0178,S0096,S0178,S0096,3
S0182,S0018,S0182,S0018,3
S0077,S0180,S0077,S0180,3
S0068,S0209,S0068,S0209,3
S0152,S0157,S0152,S0157,3
S0050,S0005,S0050,S0005,3
S0087,S0079,S0087,S0079,3
S0145,S0176,S0145,S0176,3
S0128,S0187,S0128,S0187,3
S0083,S0030,S0083,S0030,3
S0141,S0066,S0141,S0066,3
S0069,S0212,S0069,S0212,3
S0106,S0170,S0106,S0170,3
S0143,S0142,S0143,S0142,3
S0188,S0105,S0188,S0105,3
S0079,S0114,S0079,S0114,3
S0032,S0019,S0032,S0019,3
S0121,S0099,S0121,S0099,3
S0154,S0103,S0154,S0103,3
S0198,S0171,S0198,S0171,3
S0103,S0156,S0103,S0156,3
S0029,S0151,S0029,S0151,3
S0029,S0043,S0029,S0043,3
S0033,S0151,S0033,S0151,3
S0047,S0013,S0047,S0013,3
S0027,S0049,S0027,S0049,3
S0001,S0053,S0001,S0053,3
S0135,S0136,S0135,S0136,3
S0186,S0121,S0186,S0121,3
S0148,S0012,S0148,S0012,3
S0037,S0107,S0037,S0107,3
S0089,S0077,S0089,S0077,3
S0124,S0182,S0124,S0182,3
S0100,S0176,S0100,S0176,3
S0009,S0042,S0009,S0042,3
S0044,S0073,S0044,S0073,3
S0029,S0120,S0029,S0120,3
S0194,S0154,S0194,S0154,3
S0201,S0023,S0201,S0023,3
S0220,S0118,S0220,S0118,3
S0004,S0109,S0004,S0109,3
S0081,S0145,S0081,S0145,3
S0188,S0078,S0188,S0078,3
S0042,S0199,S0042,S0199,3
S0028,S0196,S0028,S0196,3
S0072,S0040,S0072,S0040,3
S0138,S0126,S0138,S0126,3
S0065,S0190,S0065,S0190,3
S0098,S0052,S0098,S0052,3
S0051,S0186,S0051,S0186,3
S0169,S0186,S0169,S0186,3
S0056,S0025,S0056,S0025,3
S0188,S0093,S0188,S0093,3
S0110,S0210,S0110,S0210,3
S0153,S0216,S0153,S0216,3
S0172,S0201,S0172,S0201,3
S0049,S0040,S0049,S0040,3
S0212,S0201,S0212,S0201,3
S0022,S0081,S0022,S0081,3
S0197,S0101,S0197,S0101,3
S0104,S0007,S0104,S0007,3
S0217,S0161,S0217,S0161,3
S0142,S0078,S0142,S0078,3
S0034,S0207,S0034,S0207,3
S0211,S0186,S0211,S0186,3
S0088,S0132,S0088,S0132,3
S0163,S0128,S0163,S0128,3
S0135,S0120,S0135,S0120,3
S0103,S0181,S0103,S0181,3
S0024,S0213,S0024,S0213,3
S0019,S0037,S0019,S0037,3
S0190,S0106,S0190,S0106,3
S0066,S0197,S0066,S0197,3
S0027,S0035,S0027,S0035,3
S0107,S0182,S0107,S0182,3
S0066,S0177,S0066,S0177,3
S0208,S0006,S0208,S0006,3
S0068,S0079,S0068,S0079,3
S0045,S0152,S0045,S0152,3
S0193,S0165,S0193,S0165,3
S0067,S0220,S0067,S0220,3
S0115,S0182,S0115,S0182,3
S0173,S0050,S0173,S0050,3
S0011,S0173,S0011,S0173,3
S0066,S0002,S0066,S0002,3
S0130,S0197,S0130,S0197,3
S0179,S0191,S0179,S0191,3
S0172,S0107,S0172,S0107,3
S0044,S0066,S0044,S0066,3
S0215,S0189,S0215,S0189,3
S0014,S0003,S0014,S0003,3
S0183,S0069,S0183,S0069,3
S0020,S0032,S0020,S0032,3
S0122,S0161,S0122,S0161,3
S0204,S0137,S0204,S0137,3
S0120,S0084,S0120,S0084,3
S0041,S0157,S0041,S0157,3
S0207,S0034,S0207,S0034,3
S0203,S0130,S0203,S0130,3
S0098,S0219,S0098,S0219,3
S0126,S0163,S0126,S0163,3
S0075,S0036,S0075,S0036,3
S0214,S0159,S0214,S0159,3
S0077,S0040,S0077,S0040,3
S0138,S0117,S0138,S0117,3
S0029,S0066,S0029,S0066,3
S0118,S0162,S0118,S0162,3
S0012,S0213,S0012,S0213,3
S0200,S0066,S0200,S0066,3
S0205,S0217,S0205,S0217,3
S0175,S0201,S0175,S0201,4
S0213,S0127,S0213,S0127,4
S0209,S0047,S0209,S0047,4
S0160,S0190,S0160,S0190,4
S0130,S0127,S0130,S0127,4
S0008,S0014,S0008,S0014,4
S0070,S0155,S0070,S0155,4
S0149,S0058,S0149,S0058,4
S0200,S0167,S0200,S0167,4
S0158,S0030,S0158,S0030,4
S0052,S0140,S0052,S0140,4
S0084,S0070,S0084,S0070,4
S0144,S0135,S0144,S0135,4
S0005,S0009,S0005,S0009,4
S0130,S0156,S0130,S0156,4
S0209,S0016,S0209,S0016,4
S0059,S0067,S0059,S0067,4
S0072,S0203,S0072,S0203,4
S0003,S0195,S0003,S0195,4
S0025,S0102,S0025,S0102,4
S0206,S0038,S0206,S0038,4
S0090,S0204,S0090,S0204,4
S0049,S0211,S0049,S0211,4
S0062,S0081,S0062,S0081,4
S0119,S0050,S0119,S0050,4
S0208,S0090,S0208,S0090,4
S0117,S0133,S0117,S0133,4
S0197,S0088,S0197,S0088,4
S0030,S0066,S0030,S0066,4
S0133,S0154,S0133,S0154,4
S0095,S0184,S0095,S0184,4
S0039,S0041,S0039,S0041,4
S0101,S0094,S0101,S0094,4
S0170,S0137,S0170,S0137,4
S0084,S0031,S0084,S0031,4
S0046,S0066,S0046,S0066,4
S0074,S0147,S0074,S0147,4
S0164,S0191,S0164,S0191,4
S0186,S0057,S0186,S0057,4
S0012,S0168,S0012,S0168,4
S0122,S0184,S0122,S0184,4
S0144,S0049,S0144,S0049,4
S0009,S0108,S0009,S0108,4
S0187,S0107,S0187,S0107,4
S0091,S0075,S0091,S0075,4
S0078,S0180,S0078,S0180,4
S0149,S0027,S0149,S0027,4
S0113,S0123,S0113,S0123,4
S0216,S0121,S0216,S0121,4
S0170,S0002,S0170,S0002,4
S0172,S0042,S0172,S0042,4
S0074,S0034,S0074,S0034,4
S0183,S0106,S0183,S0106,4
S0128,S0010,S0128,S0010,4
S0213,S0051,S0213,S0051,4
S0034,S0083,S0034,S0083,4
S0179,S0124,S0179,S0124,4
S0145,S0115,S0145,S0115,4
S0212,S0107,S0212,S0107,4
S0111,S0174,S0111,S0174,4
S0151,S0185,S0151,S0185,4
S0190,S0185,S0190,S0185,4
S0134,S0053,S0134,S0053,4
S0201,S0199,S0201,S0199,4
S0183,S0016,S0183,S0016,4
S0125,S0085,S0125,S0085,4
S0007,S0173,S0007,S0173,4
S0089,S0065,S0089,S0065,4
S0098,S0105,S0098,S0105,4
S0153,S0155,S0153,S0155,4
S0046,S0109,S0046,S0109,4
S0127,S0206,S0127,S0206,4
S0102,S0175,S0102,S0175,4
S0171,S0084,S0171,S0084,4
S0019,S0163,S0019,S0163,4
S0078,S0055,S0078,S0055,4
S0144,S0085,S0144,S0085,4
S0053,S0167,S0053,S0167,4
S0157,S0142,S0157,S0142,4
S0055,S0170,S0055,S0170,4
S0167,S0201,S0167,S0201,4
S0120,S0179,S0120,S0179,4
S0199,S0107,S0199,S0107,4
S0028,S0070,S0028,S0070,4
S0192,S0057,S0192,S0057,4
S0029,S0153,S0029,S0153,4
S0090,S0190,S0090,S0190,4
S0011,S0038,S0011,S0038,4
S0212,S0133,S0212,S0133,4
S0168,S0113,S0168,S0113,4
S0188,S0147,S0188,S0147,4
S0042,S0038,S0042,S0038,4
S0143,S0012,S0143,S0012,4
S0120,S0143,S0120,S0143,4
S0209,S0107,S0209,S0107,4
S0164,S0196,S0164,S0196,4
S0083,S0059,S0083,S0059,4
S0118,S0009,S0118,S0009,4
S0144,S0181,S0144,S0181,4
S0147,S0059,S0147,S0059,4
S0219,S0202,S0219,S0202,4
S0216,S0022,S0216,S0022,4
S0202,S0169,S0202,S0169,4
S0070,S0055,S0070,S0055,4
S0214,S0102,S0214,S0102,4
S0017,S0142,S0017,S0142,4
S0152,S0171,S0152,S0171,4
S0103,S0047,S0103,S0047,4
S0156,S0186,S0156,S0186,4
S0091,S0169,S0091,S0169,4
S0113,S0085,S0113,S0085,4
S0099,S0005,S0099,S0005,4
S0173,S0113,S0173,S0113,4
S0078,S0188,S0078,S0188,4
S0190,S0097,S0190,S0097,4
S0066,S0156,S0066,S0156,4
S0115,S0140,S0115,S0140,4
S0166,S0004,S0166,S0004,4
S0165,S0192,S0165,S0192,4
S0089,S0116,S0089,S0116,4
S0078,S0062,S0078,S0062,4
S0094,S0104,S0094,S0104,4
S0099,S0191,S0099,S0191,4
S0151,S0121,S0151,S0121,4
S0081,S0108,S0081,S0108,4
S0072,S0114,S0072,S0114,4
S0191,S0203,S0191,S0203,4
S0138,S0159,S0138,S0159,4
S0213,S0128,S0213,S0128,4
S0129,S0010,S0129,S0010,4
S0076,S0209,S0076,S0209,4
S0074,S0009,S0074,S0009,4
S0208,S0111,S0208,S0111,4
S0151,S0114,S0151,S0114,4
S0161,S0148,S0161,S0148,4
S0202,S0189,S0202,S0189,4
S0098,S0069,S0098,S0069,4
S0218,S0080,S0218,S0080,4
S0039,S0085,S0039,S0085,4
S0164,S0206,S0164,S0206,4
S0181,S0153,S0181,S0153,4
S0160,S0214,S0160,S0214,4
S0084,S0108,S0084,S0108,4
S0006,S0099,S0006,S0099,4
S0138,S0010,S0138,S0010,4
S0142,S0080,S0142,S0080,4
S0196,S0004,S0196,S0004,4
S0209,S0198,S0209,S0198,4
S0046,S0216,S0046,S0216,4
S0018,S0065,S0018,S0065,4
S0015,S0166,S0015,S0166,4
S0161,S0080,S0161,S0080,4
S0119,S0152,S0119,S0152,4
S0141,S0205,S0141,S0205,4
S0175,S0201,S0175,S0201,4
S0045,S0012,S0045,S0012,4
S0154,S0130,S0154,S0130,4
S0022,S0170,S0022,S0170,4
S0214,S0152,S0214,S0152,4
S0101,S0105,S0101,S0105,4
S0140,S0176,S0140,S0176,4
S0039,S0064,S0039,S0064,4
S0177,S0051,S0177,S0051,4
S0077,S0218,S0077,S0218,4
S0065,S0164,S0065,S0164,4
S0079,S0092,S0079,S0092,4
S0121,S0153,S0121,S0153,4
S0068,S0128,S0068,S0128,4
S0038,S0151,S0038,S0151,4
S0016,S0083,S0016,S0083,4
S0022,S0017,S0022,S0017,4
S0058,S0008,S0058,S0008,4
S0013,S0162,S0013,S0162,4
S0042,S0112,S0042,S0112,4
S0074,S0153,S0074,S0153,4
S0029,S0200,S0029,S0200,4
S0115,S0057,S0115,S0057,4
S0121,S0214,S0121,S0214,4
S0024,S0006,S0024,S0006,4
S0136,S0004,S0136,S0004,4
S0062,S0013,S0062,S0013,4
S0134,S0047,S0134,S0047,4
S0066,S0079,S0066,S0079,4
S0043,S0106,S0043,S0106,4
S0069,S0052,S0069,S0052,4
S0124,S0135,S0124,S0135,4
S0087,S0062,S0087,S0062,4
S0153,S0210,S0153,S0210,4
S0053,S0118,S0053,S0118,4
S0196,S0035,S0196,S0035,4
S0076,S0172,S0076,S0172,4
S0026,S0205,S0026,S0205,4
S0167,S0043,S0167,S0043,4
S0076,S0065,S0076,S0065,4
S0065,S0010,S0065,S0010,4
S0015,S0196,S0015,S0196,4
S0126,S0060,S0126,S0060,4
S0171,S0169,S0171,S0169,4
S0033,S0083,S0033,S0083,4
S0154,S0120,S0154,S0120,4
S0068,S0028,S0068,S0028,4
S0061,S0102,S0061,S0102,4
S0009,S0164,S0009,S0164,4
S0108,S0081,S0108,S0081,4
S0081,S0095,S0081,S0095,4
S0015,S0090,S0015,S0090,4
S0059,S0204,S0059,S0204,4
S0172,S0030,S0172,S0030,4
S0036,S0045,S0036,S0045,4
S0214,S0041,S0214,S0041,4
S0173,S0066,S0173,S0066,4
S0060,S0061,S0060,S0061,4
S0144,S0185,S0144,S0185,4
S0152,S0214,S0152,S0214,4
S0067,S0190,S0067,S0190,4
S0064,S0148,S0064,S0148,4
S0138,S0077,S0138,S0077,4
S0088,S0207,S0088,S0207,4
S0141,S0166,S0141,S0166,4
S0157,S0080,S0157,S0080,4
S0152,S0118,S0152,S0118,4
S0048,S0057,S0048,S0057,4
S0195,S0080,S0195,S0080,4
S0007,S0139,S0007,S0139,4
S0139,S0215,S0139,S0215,4
S0166,S0038,S0166,S0038,4
S0163,S0218,S0163,S0218,4
S0218,S0152,S0218,S0152,4
S0218,S0138,S0218,S0138,4
S0173,S0095,S0173,S0095,4
S0020,S0203,S0020,S0203,4
S0077,S0093,S0077,S0093,4
S0162,S0094,S0162,S0094,4
S0060,S0144,S0060,S0144,4
S0012,S0060,S0012,S0060,4
S0180,S0073,S0180,S0073,4
S0149,S0011,S0149,S0011,4
S0135,S0107,S0135,S0107,4
S0194,S0068,S0194,S0068,4
S0130,S0041,S0130,S0041,4
S0048,S0147,S0048,S0147,4
S0119,S0034,S0119,S0034,4
S0086,S0114,S0086,S0114,4
S0063,S0107,S0063,S0107,4
S0024,S0082,S0024,S0082,4
S0208,S0160,S0208,S0160,4
S0163,S0120,S0163,S0120,4
S0215,S0170,S0215,S0170,4
S0085,S0086,S0085,S0086,4
S0204,S0149,S0204,S0149,4
S0057,S0014,S0057,S0014,4
S0187,S0121,S0187,S0121,4
S0146,S0005,S0146,S0005,4
S0027,S0060,S0027,S0060,4
S0053,S0046,S0053,S0046,4
S0026,S0139,S0026,S0139,4
S0115,S0149,S0115,S0149,4
S0161,S0144,S0161,S0144,4
S0062,S0152,S0062,S0152,4
S0195,S0175,S0195,S0175,4
S0044,S0153,S0044,S0153,4
S0088,S0133,S0088,S0133,4
S0135,S0102,S0135,S0102,4
S0194,S0210,S0194,S0210,4
S0106,S0220,S0106,S0220,4
S0155,S0212,S0155,S0212,4
S0178,S0135,S0178,S0135,4
S0168,S0207,S0168,S0207,4
S0015,S0095,S0015,S0095,4
S0125,S0130,S0125,S0130,4
S0213,S0049,S0213,S0049,4
S0042,S0095,S0042,S0095,4
S0111,S0197,S0111,S0197,4
S0088,S0125,S0088,S0125,4
S0177,S0048,S0177,S0048,4
S0055,S0217,S0055,S0217,4
S0050,S0047,S0050,S0047,4
S0076,S0062,S0076,S0062,4
S0028,S0025,S0028,S0025,4
S0113,S0174,S0113,S0174,4
S0199,S0031,S0199,S0031,4
S0134,S0037,S0134,S0037,4
S0061,S0056,S0061,S0056,4
S0076,S0056,S0076,S0056,4
S0037,S0009,S0037,S0009,4
S0032,S0037,S0032,S0037,4
S0042,S0189,S0042,S0189,4
S0065,S0003,S0065,S0003,4
S0107,S0014,S0107,S0014,4
S0212,S0031,S0212,S0031,4
S0177,S0181,S0177,S0181,4
S0109,S0095,S0109,S0095,4
S0217,S0158,S0217,S0158,4
S0157,S0215,S0157,S0215,4
S0118,S0198,S0118,S0198,4
S0075,S0020,S0075,S0020,4
S0188,S0121,S0188,S0121,4
S0219,S0007,S0219,S0007,4
S0050,S0161,S0050,S0161,4
S0210,S0130,S0210,S0130,4
S0208,S0185,S0208,S0185,5
S0091,S0013,S0091,S0013,5
S0125,S0097,S0125,S0097,5
S0172,S0091,S0172,S0091,5
S0122,S0056,S0122,S0056,5
S0124,S0213,S0124,S0213,5
S0164,S0019,S0164,S0019,5
S0085,S0173,S0085,S0173,5
S0148,S0135,S0148,S0135,5
S0190,S0107,S0190,S0107,5
S0137,S0029,S0137,S0029,5
S0149,S0191,S0149,S0191,5
S0167,S0169,S0167,S0169,5
S0055,S0120,S0055,S0120,5
S0101,S0073,S0101,S0073,5
S0219,S0008,S0219,S0008,5
S0052,S0162,S0052,S0162,5
S0024,S0168,S0024,S0168,5
S0186,S0073,S0186,S0073,5
S0127,S0114,S0127,S0114,5
S0216,S0177,S0216,S0177,5
S0176,S0051,S0176,S0051,5
S0064,S0048,S0064,S0048,5
S0094,S0053,S0094,S0053,5
S0177,S0139,S0177,S0139,5
S0054,S0010,S0054,S0010,5
S0188,S0139,S0188,S0139,5
S0121,S0204,S0121,S0204,5
S0152,S0125,S0152,S0125,5
S0154,S0080,S0154,S0080,5
S0216,S0154,S0216,S0154,5
S0017,S0166,S0017,S0166,5
S0016,S0194,S0016,S0194,5
S0109,S0119,S0109,S0119,5
S0139,S0101,S0139,S0101,5
S0093,S0197,S0093,S0197,5
S0119,S0117,S0119,S0117,5
S0198,S0210,S0198,S0210,5
S0018,S0195,S0018,S0195,5
S0198,S0016,S0198,S0016,5
S0071,S0207,S0071,S0207,5
S0031,S0125,S0031,S0125,5
S0182,S0063,S0182,S0063,5
S0068,S0025,S0068,S0025,5
S0095,S0100,S0095,S0100,5
S0015,S0138,S0015,S0138,5
S0017,S0100,S0017,S0100,5
S0095,S0012,S0095,S0012,5
S0052,S0017,S0052,S0017,5
S0033,S0052,S0033,S0052,5
S0011,S0202,S0011,S0202,5
S0130,S0109,S0130,S0109,5
S0145,S0180,S0145,S0180,5
S0201,S0104,S0201,S0104,5
S0177,S0182,S0177,S0182,5
S0100,S0033,S0100,S0033,5
S0167,S0149,S0167,S0149,5
S0113,S0180,S0113,S0180,5
S0136,S0163,S0136,S0163,5
S0094,S0072,S0094,S0072,5
S0141,S0205,S0141,S0205,5
S0028,S0152,S0028,S0152,5
S0165,S0003,S0165,S0003,5
S0073,S0098,S0073,S0098,5
S0129,S0004,S0129,S0004,5
S0109,S0132,S0109,S0132,5
S0003,S0110,S0003,S0110,5
S0137,S0136,S0137,S0136,5
S0023,S0008,S0023,S0008,5
S0056,S0106,S0056,S0106,5
S0124,S0007,S0124,S0007,5
S0099,S0214,S0099,S0214,5
S0111,S0194,S0111,S0194,5
S0162,S0080,S0162,S0080,5
S0192,S0102,S0192,S0102,5
S0016,S0169,S0016,S0169,5
S0190,S0098,S0190,S0098,5
S0072,S0062,S0072,S0062,5
S0062,S0117,S0062,S0117,5
S0156,S0092,S0156,S0092,5
S0218,S0089,S0218,S0089,5
S0103,S0159,S0103,S0159,5
S0164,S0009,S0164,S0009,5
S0165,S0129,S0165,S0129,5
S0060,S0113,S0060,S0113,5
S0156,S0065,S0156,S0065,5
S0018,S0167,S0018,S0167,5
S0033,S0062,S0033,S0062,5
S0036,S0063,S0036,S0063,5
S0184,S0129,S0184,S0129,5
S0054,S0047,S0054,S0047,5
S0088,S0188,S0088,S0188,5
S0095,S0163,S0095,S0163,5
S0170,S0066,S0170,S0066,5
S0209,S0018,S0209,S0018,5
S0218,S0106,S0218,S0106,5
S0196,S0118,S0196,S0118,5
S0007,S0219,S0007,S0219,5
S0030,S0105,S0030,S0105,5
S0139,S0099,S0139,S0099,5
S0180,S0051,S0180,S0051,5
S0173,S0136,S0173,S0136,5
S0037,S0155,S0037,S0155,5
S0205,S0153,S0205,S0153,5
S0162,S0165,S0162,S0165,5
S0051,S0083,S0051,S0083,5
S0016,S0211,S0016,S0211,5
S0044,S0220,S0044,S0220,5
S0185,S0158,S0185,S0158,5
S0103,S0054,S0103,S0054,5
S0145,S0079,S0145,S0079,5
S0095,S0028,S0095,S0028,5
S0177,S0130,S0177,S0130,5
S0083,S0086,S0083,S0086,5
S0124,S0065,S0124,S0065,5
S0025,S0021,S0025,S0021,5
S0012,S0142,S0012,S0142,5
S0216,S0106,S0216,S0106,5
S0118,S0184,S0118,S0184,5
S0190,S0136,S0190,S0136,5
S0009,S0210,S0009,S0210,5
S0092,S0076,S0092,S0076,5
S0105,S0184,S0105,S0184,5
S0182,S0086,S0182,S0086,5
S0107,S0070,S0107,S0070,5
S0121,S0045,S0121,S0045,5
S0169,S0138,S0169,S0138,5
S0153,S0180,S0153,S0180,5
S0041,S0146,S0041,S0146,5
S0143,S0155,S0143,S0155,5
S0118,S0185,S0118,S0185,5
S0070,S0153,S0070,S0153,5
S0204,S0050,S0204,S0050,5
S0007,S0082,S0007,S0082,5
S0139,S0076,S0139,S0076,5
S0006,S0193,S0006,S0193,5
S0162,S0178,S0162,S0178,5
S0154,S0083,S0154,S0083,5
S0167,S0126,S0167,S0126,5
S0051,S0176,S0051,S0176,5
S0206,S0180,S0206,S0180,5
S0217,S0031,S0217,S0031,5
S0094,S0119,S0094,S0119,5
S0045,S0084,S0045,S0084,5
S0128,S0110,S0128,S0110,5
S0057,S0153,S0057,S0153,5
S0137,S0012,S0137,S0012,5
S0110,S0147,S0110,S0147,5
S0088,S0189,S0088,S0189,5
S0166,S0184,S0166,S0184,5
S0171,S0039,S0171,S0039,5
S0082,S0067,S0082,S0067,5
S0092,S0080,S0092,S0080,5
S0060,S0061,S0060,S0061,5
S0123,S0054,S0123,S0054,5
S0177,S0086,S0177,S0086,5
S0208,S0188,S0208,S0188,5
S0145,S0200,S0145,S0200,5
S0187,S0071,S0187,S0071,5
S0064,S0059,S0064,S0059,5
S0154,S0031,S0154,S0031,5
S0002,S0151,S0002,S0151,5
S0026,S0075,S0026,S0075,5
S0130,S0177,S0130,S0177,5
S0183,S0101,S0183,S0101,5
S0155,S0151,S0155,S0151,5
S0106,S0148,S0106,S0148,5
S0056,S0051,S0056,S0051,5
S0141,S0120,S0141,S0120,5
S0210,S0202,S0210,S0202,5
S0201,S0053,S0201,S0053,5
S0178,S0148,S0178,S0148,5
S0037,S0082,S0037,S0082,5
S0007,S0188,S0007,S0188,5
S0072,S0010,S0072,S0010,5
S0190,S0158,S0190,S0158,5
S0161,S0156,S0161,S0156,5
S0168,S0129,S0168,S0129,5
S0211,S0035,S0211,S0035,5
S0124,S0013,S0124,S0013,5
S0103,S0101,S0103,S0101,5
S0167,S0060,S0167,S0060,5
S0064,S0194,S0064,S0194,5
S0110,S0179,S0110,S0179,5
S0013,S0156,S0013,S0156,5
S0003,S0198,S0003,S0198,5
S0089,S0166,S0089,S0166,5
S0152,S0097,S0152,S0097,5
S0166,S0108,S0166,S0108,5
S0055,S0101,S0055,S0101,5
S0028,S0026,S0028,S0026,5
S0101,S0074,S0101,S0074,5
S0020,S0196,S0020,S0196,5
S0113,S0059,S0113,S0059,5
S0006,S0056,S0006,S0056,5
S0121,S0088,S0121,S0088,5
S0010,S0020,S0010,S0020,5
S0055,S0018,S0055,S0018,5
S0175,S0035,S0175,S0035,5
S0110,S0143,S0110,S0143,5
S0060,S0130,S0060,S0130,5
S0202,S0152,S0202,S0152,5
S0018,S0127,S0018,S0127,5
S0148,S0163,S0148,S0163,5
S0045,S0164,S0045,S0164,5
S0162,S0189,S0162,S0189,5
S0102,S0208,S0102,S0208,5
S0133,S0048,S0133,S0048,5
S0102,S0144,S0102,S0144,5
S0132,S0022,S0132,S0022,5
S0048,S0012,S0048,S0012,5
S0146,S0096,S0146,S0096,5
S0049,S0036,S0049,S0036,5
S0037,S0088,S0037,S0088,5
S0171,S0188,S0171,S0188,5
S0036,S0144,S0036,S0144,5
S0036,S0152,S0036,S0152,5
S0065,S0107,S0065,S0107,5
S0209,S0081,S0209,S0081,5
S0219,S0004,S0219,S0004,5
S0080,S0146,S0080,S0146,5
S0056,S0072,S0056,S0072,5
S0180,S0148,S0180,S0148,5
S0137,S0135,S0137,S0135,5
S0045,S0207,S0045,S0207,5
S0035,S0045,S0035,S0045,5
S0171,S0096,S0171,S0096,5
S0064,S0220,S0064,S0220,5
S0065,S0148,S0065,S0148,5
S0165,S0072,S0165,S0072,5
S0083,S0150,S0083,S0150,5
S0178,S0001,S0178,S0001,5
S0155,S0056,S0155,S0056,5
S0126,S0056,S0126,S0056,5
S0132,S0155,S0132,S0155,5
S0212,S0018,S0212,S0018,5
S0105,S0216,S0105,S0216,5
S0174,S0116,S0174,S0116,5
S0142,S0051,S0142,S0051,5
S0119,S0133,S0119,S0133,5
S0199,S0077,S0199,S0077,5
S0201,S0161,S0201,S0161,5
S0143,S0181,S0143,S0181,5
S0056,S0019,S0056,S0019,5
S0145,S0034,S0145,S0034,5
S0159,S0106,S0159,S0106,5
S0060,S0065,S0060,S0065,5
S0175,S0071,S0175,S0071,5
S0151,S0177,S0151,S0177,5
S0200,S0030,S0200,S0030,5
S0004,S0145,S0004,S0145,5
S0087,S0182,S0087,S0182,5
S0209,S0175,S0209,S0175,5
S0207,S0072,S0207,S0072,5
S0167,S0007,S0167,S0007,5
S0012,S0134,S0012,S0134,5
S0216,S0014,S0216,S0014,5
S0057,S0027,S0057,S0027,5
S0171,S0139,S0171,S0139,5
S0141,S0197,S0141,S0197,5
S0122,S0084,S0122,S0084,5
S0058,S0082,S0058,S0082,5
S0015,S0114,S0015,S0114,5
S0087,S0031,S0087,S0031,5
S0075,S0131,S0075,S0131,5
S0113,S0128,S0113,S0128,5
S0037,S0158,S0037,S0158,5
S0097,S0075,S0097,S0075,5
S0214,S0198,S0214,S0198,5
S0079,S0163,S0079,S0163,5
S0099,S0073,S0099,S0073,5
S0209,S0108,S0209,S0108,5
S0161,S0127,S0161,S0127,5
S0160,S0043,S0160,S0043,5
S0126,S0038,S0126,S0038,5
S0213,S0164,S0213,S0164,5
S0143,S0075,S0143,S0075,5
S0027,S0061,S0027,S0061,5
S0189,S0078,S0189,S0078,5
S0080,S0018,S0080,S0018,5
S0078,S0110,S0078,S0110,5
S0026,S0146,S0026,S0146,5
S0147,S0004,S0147,S0004,5
S0040,S0084,S0040,S0084,5
S0021,S0034,S0021,S0034,5
S0167,S0014,S0167,S0014,5
S0072,S0097,S0072,S0097,5
S0190,S0137,S0190,S0137,5
S0202,S0179,S0202,S0179,5
S0199,S0217,S0199,S0217,5
S0090,S0082,S0090,S0082,5
S0171,S0013,S0171,S0013,5
S0078,S0102,S0078,S0102,5
S0012,S0208,S0012,S0208,5
S0060,S0137,S0060,S0137,5
S0071,S0021,S0071,S0021,5
S0149,S0067,S0149,S0067,5
S0056,S0194,S0056,S0194,5
S0021,S0154,S0021,S0154,5
S0145,S0186,S0145,S0186,5
S0104,S0007,S0104,S0007,6
S0008,S0141,S0008,S0141,6
S0176,S0023,S0176,S0023,6
S0036,S0122,S0036,S0122,6
S0054,S0071,S0054,S0071,6
S0100,S0112,S0100,S0112,6
S0064,S0120,S0064,S0120,6
S0082,S0141,S0082,S0141,6
S0108,S0061,S0108,S0061,6
S0045,S0089,S0045,S0089,6
S0078,S0127,S0078,S0127,6
S0191,S0090,S0191,S0090,6
S0220,S0109,S0220,S0109,6
S0154,S0019,S0154,S0019,6
S0092,S0154,S0092,S0154,6
S0220,S0176,S0220,S0176,6
S0026,S0160,S0026,S0160,6
S0032,S0144,S0032,S0144,6
S0133,S0148,S0133,S0148,6
S0029,S0092,S0029,S0092,6
S0203,S0024,S0203,S0024,6
S0215,S0136,S0215,S0136,6
S0127,S0023,S0127,S0023,6
S0018,S0133,S0018,S0133,6
S0166,S0217,S0166,S0217,6
S0055,S0196,S0055,S0196,6
S0219,S0177,S0219,S0177,6
S0066,S0073,S0066,S0073,6
S0026,S0005,S0026,S0005,6
S0205,S0196,S0205,S0196,6
S0107,S0012,S0107,S0012,6
S0179,S0049,S0179,S0049,6
S0105,S0180,S0105,S0180,6
S0062,S0116,S0062,S0116,6
S0094,S0138,S0094,S0138,6
S0009,S0173,S0009,S0173,6
S0015,S0153,S0015,S0153,6
S0095,S0169,S0095,S0169,6
S0151,S0197,S0151,S0197,6
S0036,S0118,S0036,S0118,6
S0076,S0027,S0076,S0027,6
S0029,S0022,S0029,S0022,6
S0042,S0141,S0042,S0141,6
S0201,S0111,S0201,S0111,6
S0009,S0178,S0009,S0178,6
S0071,S0209,S0071,S0209,6
S0149,S0150,S0149,S0150,6
S0211,S0089,S0211,S0089,6
S0115,S0029,S0115,S0029,6
S0043,S0197,S0043,S0197,6
S0168,S0183,S0168,S0183,6
S0071,S0028,S0071,S0028,6
S0218,S0080,S0218,S0080,6
S0216,S0043,S0216,S0043,6
S0164,S0125,S0164,S0125,6
S0070,S0105,S0070,S0105,6
S0210,S0199,S0210,S0199,6
S0143,S0166,S0143,S0166,6
S0070,S0146,S0070,S0146,6
S0043,S0159,S0043,S0159,6
S0097,S0034,S0097,S0034,6
S0140,S0018,S0140,S0018,6
S0091,S0083,S0091,S0083,6
S0098,S0078,S0098,S0078,6
S0168,S0079,S0168,S0079,6
S0136,S0206,S0136,S0206,6
S0120,S0010,S0120,S0010,6
S0059,S0088,S0059,S0088,6
S0159,S0131,S0159,S0131,6
S0104,S0184,S0104,S0184,6
S0004,S0041,S0004,S0041,6
S0157,S0192,S0157,S0192,6
S0187,S0020,S0187,S0020,6
S0162,S0011,S0162,S0011,6
S0088,S0091,S0088,S0091,6
S0056,S0037,S0056,S0037,6
S0071,S0039,S0071,S0039,6
S0034,S0090,S0034,S0090,6
S0170,S0177,S0170,S0177,6
S0147,S0112,S0147,S0112,6
S0039,S0052,S0039,S0052,6
S0009,S0087,S0009,S0087,6
S0142,S0021,S0142,S0021,6
S0198,S0219,S0198,S0219,6
S0203,S0123,S0203,S0123,6
S0201,S0131,S0201,S0131,6
S0085,S0105,S0085,S0105,6
S0053,S0206,S0053,S0206,6
S0097,S0055,S0097,S0055,6
S0006,S0110,S0006,S0110,6
S0069,S0051,S0069,S0051,6
S0127,S0031,S0127,S0031,6
S0172,S0194,S0172,S0194,6
S0050,S0118,S0050,S0118,6
S0114,S0177,S0114,S0177,6
S0134,S0098,S0134,S0098,6
S0167,S0096,S0167,S0096,6
S0086,S0008,S0086,S0008,6
S0119,S0155,S0119,S0155,6
S0121,S0206,S0121,S0206,6
S0105,S0076,S0105,S0076,6
S0004,S0022,S0004,S0022,6
S0017,S0086,S0017,S0086,6
S0050,S0171,S0050,S0171,6
S0180,S0095,S0180,S0095,6
S0205,S0113,S0205,S0113,6
S0003,S0172,S0003,S0172,6
S0017,S0164,S0017,S0164,6
S0018,S0078,S0018,S0078,6
S0104,S0033,S0104,S0033,6
S0065,S0040,S0065,S0040,6
S0025,S0078,S0025,S0078,6
S0129,S0213,S0129,S0213,6
S0174,S0176,S0174,S0176,6
S0123,S0085,S0123,S0085,6
S0021,S0198,S0021,S0198,6
S0140,S0006,S0140,S0006,6
S0163,S0092,S0163,S0092,6
S0186,S0048,S0186,S0048,6
S0126,S0130,S0126,S0130,6
S0055,S0187,S0055,S0187,6
S0045,S0197,S0045,S0197,6
S0018,S0169,S0018,S0169,6
S0154,S0131,S0154,S0131,6
S0190,S0058,S0190,S0058,6
S0147,S0008,S0147,S0008,6
S0102,S0166,S0102,S0166,6
S0130,S0178,S0130,S0178,6
S0139,S0058,S0139,S0058,6
S0175,S0109,S0175,S0109,6
S0149,S0032,S0149,S0032,6
S0209,S0096,S0209,S0096,6
S0052,S0173,S0052,S0173,6
S0159,S0118,S0159,S0118,6
S0105,S0042,S0105,S0042,6
S0114,S0171,S0114,S0171,6
S0077,S0065,S0077,S0065,6
S0071,S0180,S0071,S0180,6
S0014,S0110,S0014,S0110,6
S0023,S0194,S0023,S0194,6
S0033,S0092,S0033,S0092,6
S0212,S0174,S0212,S0174,6
S0199,S0080,S0199,S0080,6
S0083,S0038,S0083,S0038,6
S0141,S0043,S0141,S0043,6
S0187,S0119,S0187,S0119,6
S0097,S0075,S0097,S0075,6
S0127,S0049,S0127,S0049,6
S0002,S0210,S0002,S0210,6
S0204,S0015,S0204,S0015,6
S0139,S0061,S0139,S0061,6
S0056,S0086,S0056,S0086,6
S0158,S0066,S0158,S0066,6
S0068,S0152,S0068,S0152,6
S0213,S0015,S0213,S0015,6
S0129,S0087,S0129,S0087,6
S0055,S0014,S0055,S0014,6
S0110,S0046,S0110,S0046,6
S0176,S0019,S0176,S0019,6
S0136,S0045,S0136,S0045,6
S0092,S0011,S0092,S0011,6
S0028,S0039,S0028,S0039,6
S0088,S0098,S0088,S0098,6
S0041,S0185,S0041,S0185,6
S0067,S0018,S0067,S0018,6
S0111,S0194,S0111,S0194,6
S0218,S0001,S0218,S0001,6
S0114,S0035,S0114,S0035,6
S0214,S0141,S0214,S0141,6
S0017,S0076,S0017,S0076,6
S0008,S0102,S0008,S0102,6
S0128,S0044,S0128,S0044,6
S0052,S0140,S0052,S0140,6
S0207,S0083,S0207,S0083,6
S0166,S0121,S0166,S0121,6
S0171,S0004,S0171,S0004,6
S0008,S0091,S0008,S0091,6
S0068,S0149,S0068,S0149,6
S0207,S0095,S0207,S0095,6
S0162,S0063,S0162,S0063,6
S0070,S0088,S0070,S0088,6
S0195,S0163,S0195,S0163,6
S0016,S0193,S0016,S0193,6
S0204,S0133,S0204,S0133,6
S0216,S0200,S0216,S0200,6
S0081,S0145,S0081,S0145,6
S0180,S0219,S0180,S0219,6
S0015,S0153,S0015,S0153,6
S0042,S0117,S0042,S0117,6
S0074,S0015,S0074,S0015,6
S0073,S0105,S0073,S0105,6
S0149,S0207,S0149,S0207,6
S0010,S0056,S0010,S0056,6
S0111,S0116,S0111,S0116,6
S0165,S0195,S0165,S0195,6
S0059,S0011,S0059,S0011,6
S0033,S0129,S0033,S0129,6
S0177,S0011,S0177,S0011,6
S0158,S0008,S0158,S0008,6
S0006,S0037,S0006,S0037,6
S0205,S0044,S0205,S0044,6
S0188,S0173,S0188,S0173,6
S0083,S0200,S0083,S0200,6
S0209,S0174,S0209,S0174,6
S0105,S0135,S0105,S0135,6
S0180,S0052,S0180,S0052,6
S0133,S0046,S0133,S0046,6
S0164,S0036,S0164,S0036,6
S0124,S0064,S0124,S0064,6
S0205,S0100,S0205,S0100,6
S0220,S0196,S0220,S0196,6
S0203,S0012,S0203,S0012,6
S0100,S0127,S0100,S0127,6
S0121,S0095,S0121,S0095,6
S0208,S0066,S0208,S0066,6
S0169,S0175,S0169,S0175,6
S0005,S0085,S0005,S0085,6
S0180,S0150,S0180,S0150,6
S0114,S0129,S0114,S0129,6
S0220,S0031,S0220,S0031,6
S0025,S0169,S0025,S0169,6
S0204,S0133,S0204,S0133,6
S0112,S0135,S0112,S0135,6
S0168,S0177,S0168,S0177,6
S0010,S0093,S0010,S0093,6
S0085,S0096,S0085,S0096,6
S0051,S0138,S0051,S0138,6
S0158,S0112,S0158,S0112,6
S0189,S0076,S0189,S0076,6
S0187,S0016,S0187,S0016,6
S0114,S0125,S0114,S0125,6
S0220,S0117,S0220,S0117,6
S0219,S0048,S0219,S0048,6
S0052,S0168,S0052,S0168,6
S0094,S0138,S0094,S0138,6
S0017,S0039,S0017,S0039,6
S0092,S0082,S0092,S0082,6
S0119,S0192,S0119,S0192,6
S0168,S0198,S0168,S0198,6
S0178,S0146,S0178,S0146,6
S0056,S0144,S0056,S0144,6
S0045,S0052,S0045,S0052,6
S0149,S0147,S0149,S0147,6
S0206,S0057,S0206,S0057,6
S0130,S0029,S0130,S0029,6
S0092,S0115,S0092,S0115,6
S0114,S0211,S0114,S0211,6
S0040,S0114,S0040,S0114,6
S0044,S0129,S0044,S0129,6
S0207,S0043,S0207,S0043,6
S0039,S0043,S0039,S0043,6
S0213,S0123,S0213,S0123,6
S0048,S0046,S0048,S0046,6
S0196,S0137,S0196,S0137,6
S0179,S0119,S0179,S0119,6
S0204,S0077,S0204,S0077,6
S0083,S0054,S0083,S0054,6
S0010,S0045,S0010,S0045,6
S0109,S0071,S0109,S0071,6
S0135,S0189,S0135,S0189,6
S0077,S0176,S0077,S0176,6
S0126,S0191,S0126,S0191,6
S0213,S0192,S0213,S0192,6
S0145,S0057,S0145,S0057,6
S0064,S0217,S0064,S0217,6
S0151,S0219,S0151,S0219,6
S0046,S0130,S0046,S0130,6
S0094,S0215,S0094,S0215,6
S0066,S0040,S0066,S0040,6
S0071,S0214,S0071,S0214,6
S0095,S0191,S0095,S0191,6
S0060,S0089,S0060,S0089,6
S0095,S0211,S0095,S0211,6
S0211,S0191,S0211,S0191,6
S0195,S0091,S0195,S0091,6
S0088,S0028,S0088,S0028,6
S0070,S0078,S0070,S0078,6
S0093,S0111,S0093,S0111,6
S0064,S0099,S0064,S0099,6
S0094,S0198,S0094,S0198,6
S0111,S0135,S0111,S0135,6
S0139,S0207,S0139,S0207,6
S0085,S0210,S0085,S0210,6
S0121,S0054,S0121,S0054,6
S0061,S0215,S0061,S0215,6
S0179,S0013,S0179,S0013,6
S0068,S0129,S0068,S0129,6
S0201,S0191,S0201,S0191,6
S0032,S0024,S0032,S0024,6
S0178,S0206,S0178,S0206,6
S0017,S0210,S0017,S0210,6
S0188,S0052,S0188,S0052,6
S0082,S0041,S0082,S0041,6
S0093,S0052,S0093,S0052,6
S0144,S0169,S0144,S0169,6
S0097,S0050,S0097,S0050,6
S0109,S0022,S0109,S0022,6
S0073,S0026,S0073,S0026,6
S0036,S0109,S0036,S0109,6
S0062,S0145,S0062,S0145,6
S0089,S0035,S0089,S0035,7
S0117,S0118,S0117,S0118,7
S0220,S0085,S0220,S0085,7
S0110,S0049,S0110,S0049,7
S0063,S0216,S0063,S0216,7
S0212,S0171,S0212,S0171,7
S0065,S0126,S0065,S0126,7
S0047,S0008,S0047,S0008,7
S0181,S0141,S0181,S0141,7
S0180,S0179,S0180,S0179,7
S0196,S0005,S0196,S0005,7
S0027,S0026,S0027,S0026,7
S0048,S0043,S0048,S0043,7
S0011,S0119,S0011,S0119,7
S0112,S0019,S0112,S0019,7
S0181,S0115,S0181,S0115,7
S0076,S0050,S0076,S0050,7
S0039,S0114,S0039,S0114,7
S0157,S0081,S0157,S0081,7
S0091,S0155,S0091,S0155,7
S0206,S0055,S0206,S0055,7
S0114,S0087,S0114,S0087,7
S0059,S0006,S0059,S0006,7
S0050,S0198,S0050,S0198,7
S0102,S0107,S0102,S0107,7
S0120,S0139,S0120,S0139,7
S0107,S0088,S0107,S0088,7
S0034,S0012,S0034,S0012,7
S0147,S0092,S0147,S0092,7
S0165,S0050,S0165,S0050,7
S0060,S0038,S0060,S0038,7
S0141,S0044,S0141,S0044,7
S0111,S0031,S0111,S0031,7
S0182,S0168,S0182,S0168,7
S0030,S0080,S0030,S0080,7
S0034,S0067,S0034,S0067,7
S0162,S0142,S0162,S0142,7
S0063,S0070,S0063,S0070,7
S0139,S0034,S0139,S0034,7
S0099,S0053,S0099,S0053,7
S0216,S0116,S0216,S0116,7
S0069,S0022,S0069,S0022,7
S0164,S0126,S0164,S0126,7
S0079,S0173,S0079,S0173,7
S0187,S0207,S0187,S0207,7
S0092,S0106,S0092,S0106,7
S0159,S0076,S0159,S0076,7
S0045,S0089,S0045,S0089,7
S0176,S0044,S0176,S0044,7
S0041,S0175,S0041,S0175,7
S0061,S0177,S0061,S0177,7
S0113,S0095,S0113,S0095,7
S0168,S0056,S0168,S0056,7
S0134,S0072,S0134,S0072,7
S0186,S0189,S0186,S0189,7
S0005,S0142,S0005,S0142,7
S0039,S0128,S0039,S0128,7
S0133,S0058,S0133,S0058,7
S0086,S0196,S0086,S0196,7
S0089,S0125,S0089,S0125,7
S0209,S0128,S0209,S0128,7
S0027,S0109,S0027,S0109,7
S0093,S0135,S0093,S0135,7
S0117,S0077,S0117,S0077,7
S0165,S0032,S0165,S0032,7
S0139,S0151,S0139,S0151,7
S0081,S0049,S0081,S0049,7
S0171,S0135,S0171,S0135,7
S0181,S0065,S0181,S0065,7
S0077,S0189,S0077,S0189,7
S0176,S0186,S0176,S0186,7
S0041,S0087,S0041,S0087,7
S0197,S0138,S0197,S0138,7
S0122,S0083,S0122,S0083,7
S0020,S0133,S0020,S0133,7
S0075,S0071,S0075,S0071,7
S0165,S0111,S0165,S0111,7
S0161,S0153,S0161,S0153,7
S0216,S0065,S0216,S0065,7
S0080,S0157,S0080,S0157,7
S0128,S0003,S0128,S0003,7
S0080,S0127,S0080,S0127,7
S0163,S0156,S0163,S0156,7
S0183,S0079,S0183,S0079,7
S0023,S0015,S0023,S0015,7
S0016,S0117,S0016,S0117,7
S0206,S0114,S0206,S0114,7
S0161,S0043,S0161,S0043,7
S0095,S0218,S0095,S0218,7
S0096,S0119,S0096,S0119,7
S0009,S0025,S0009,S0025,7
S0198,S0029,S0198,S0029,7
S0026,S0175,S0026,S0175,7
S0088,S0129,S0088,S0129,7
S0068,S0148,S0068,S0148,7
S0070,S0085,S0070,S0085,7
S0127,S0214,S0127,S0214,7
S0135,S0050,S0135,S0050,7
S0104,S0053,S0104,S0053,7
S0155,S0203,S0155,S0203,7
S0043,S0167,S0043,S0167,7
S0147,S0204,S0147,S0204,7
S0208,S0015,S0208,S0015,7
S0166,S0089,S0166,S0089,7
S0173,S0025,S0173,S0025,7
S0116,S0181,S0116,S0181,7
S0210,S0154,S0210,S0154,7
S0030,S0046,S0030,S0046,7
S0072,S0164,S0072,S0164,7
S0164,S0145,S0164,S0145,7
S0200,S0075,S0200,S0075,7
S0220,S0115,S0220,S0115,7
S0048,S0206,S0048,S0206,7
S0170,S0165,S0170,S0165,7
S0021,S0154,S0021,S0154,7
S0021,S0211,S0021,S0211,7
S0219,S0169,S0219,S0169,7
S0033,S0185,S0033,S0185,7
S0134,S0037,S0134,S0037,7
S0067,S0217,S0067,S0217,7
S0177,S0032,S0177,S0032,7
S0048,S0115,S0048,S0115,7
S0086,S0150,S0086,S0150,7
S0189,S0041,S0189,S0041,7
S0018,S0131,S0018,S0131,7
S0099,S0181,S0099,S0181,7
S0131,S0078,S0131,S0078,7
S0025,S0131,S0025,S0131,7
S0062,S0073,S0062,S0073,7
S0103,S0139,S0103,S0139,7
S0094,S0162,S0094,S0162,7
S0014,S0141,S0014,S0141,7
S0214,S0167,S0214,S0167,7
S0136,S0171,S0136,S0171,7
S0077,S0144,S0077,S0144,7
S0145,S0025,S0145,S0025,7
S0188,S0046,S0188,S0046,7
S0067,S0039,S0067,S0039,7
S0209,S0191,S0209,S0191,7
S0111,S0213,S0111,S0213,7
S0175,S0044,S0175,S0044,7
S0010,S0154,S0010,S0154,7
S0059,S0110,S0059,S0110,7
S0125,S0146,S0125,S0146,7
S0105,S0040,S0105,S0040,7
S0200,S0083,S0200,S0083,7
S0215,S0065,S0215,S0065,7
S0049,S0112,S0049,S0112,7
S0005,S0156,S0005,S0156,7
S0013,S0023,S0013,S0023,7
S0014,S0019,S0014,S0019,7
S0193,S0098,S0193,S0098,7
S0134,S0142,S0134,S0142,7
S0094,S0184,S0094,S0184,7
S0195,S0112,S0195,S0112,7
S0053,S0163,S0053,S0163,7
S0139,S0106,S0139,S0106,7
S0108,S0126,S0108,S0126,7
S0078,S0110,S0078,S0110,7
S0113,S0132,S0113,S0132,7
S0086,S0116,S0086,S0116,7
S0068,S0015,S0068,S0015,7
S0020,S0175,S0020,S0175,7
S0197,S0037,S0197,S0037,7
S0167,S0054,S0167,S0054,7
S0212,S0069,S0212,S0069,7
S0006,S0089,S0006,S0089,7
S0214,S0067,S0214,S0067,7
S0095,S0180,S0095,S0180,7
S0003,S0117,S0003,S0117,7
S0034,S0092,S0034,S0092,7
S0207,S0199,S0207,S0199,7
S0197,S0155,S0197,S0155,7
S0179,S0023,S0179,S0023,7
S0004,S0170,S0004,S0170,7
S0109,S0052,S0109,S0052,7
S0187,S0141,S0187,S0141,7
S0203,S0145,S0203,S0145,7
S0086,S0031,S0086,S0031,7
S0189,S0212,S0189,S0212,7
S0158,S0065,S0158,S0065,7
S0101,S0095,S0101,S0095,7
S0204,S0121,S0204,S0121,7
S0081,S0151,S0081,S0151,7
S0215,S0182,S0215,S0182,7
S0061,S0192,S0061,S0192,7
S0084,S0093,S0084,S0093,7
S0170,S0048,S0170,S0048,7
S0097,S0033,S0097,S0033,7
S0199,S0191,S0199,S0191,7
S0137,S0149,S0137,S0149,7
S0160,S0174,S0160,S0174,7
S0043,S0193,S0043,S0193,7
S0117,S0174,S0117,S0174,7
S0046,S0147,S0046,S0147,7
S0032,S0067,S0032,S0067,7
S0153,S0087,S0153,S0087,7
S0020,S0140,S0020,S0140,7
S0124,S0126,S0124,S0126,7
S0001,S0203,S0001,S0203,7
S0150,S0112,S0150,S0112,7
S0137,S0060,S0137,S0060,7
S0183,S0176,S0183,S0176,7
S0023,S0060,S0023,S0060,7
S0138,S0214,S0138,S0214,7
S0087,S0018,S0087,S0018,7
S0011,S0037,S0011,S0037,7
S0048,S0004,S0048,S0004,7
S0163,S0210,S0163,S0210,7
S0046,S0141,S0046,S0141,7
S0008,S0197,S0008,S0197,7
S0206,S0092,S0206,S0092,7
S0116,S0069,S0116,S0069,7
S0125,S0183,S0125,S0183,7
S0021,S0147,S0021,S0147,7
S0154,S0050,S0154,S0050,7
S0045,S0090,S0045,S0090,7
S0023,S0103,S0023,S0103,7
S0067,S0108,S0067,S0108,7
S0011,S0050,S0011,S0050,7
S0033,S0062,S0033,S0062,7
S0197,S0040,S0197,S0040,7
S0004,S0194,S0004,S0194,7
S0125,S0014,S0125,S0014,7
S0127,S0124,S0127,S0124,7
S0023,S0198,S0023,S0198,7
S0103,S0120,S0103,S0120,7
S0036,S0029,S0036,S0029,7
S0089,S0120,S0089,S0120,7
S0169,S0209,S0169,S0209,7
S0096,S0085,S0096,S0085,7
S0079,S0062,S0079,S0062,7
S0130,S0077,S0130,S0077,7
S0141,S0145,S0141,S0145,7
S0030,S0097,S0030,S0097,7
S0053,S0160,S0053,S0160,7
S0059,S0210,S0059,S0210,7
S0051,S0053,S0051,S0053,7
S0210,S0064,S0210,S0064,7
S0014,S0091,S0014,S0091,7
S0142,S0150,S0142,S0150,7
S0210,S0062,S0210,S0062,7
S0211,S0212,S0211,S0212,7
S0015,S0144,S0015,S0144,7
S0088,S0064,S0088,S0064,7
S0016,S0189,S0016,S0189,7
S0216,S0114,S0216,S0114,7
S0194,S0056,S0194,S0056,7
S0184,S0106,S0184,S0106,7
S0088,S0060,S0088,S0060,7
S0051,S0093,S0051,S0093,7
S0212,S0109,S0212,S0109,7
S0044,S0085,S0044,S0085,7
S0012,S0025,S0012,S0025,7
S0154,S0033,S0154,S0033,7
S0138,S0049,S0138,S0049,7
S0163,S0025,S0163,S0025,7
S0157,S0165,S0157,S0165,7
S0095,S0075,S0095,S0075,7
S0129,S0067,S0129,S0067,7
S0114,S0048,S0114,S0048,7
S0208,S0019,S0208,S0019,7
S0083,S0174,S0083,S0174,7
S0061,S0161,S0061,S0161,7
S0004,S0054,S0004,S0054,7
S0150,S0064,S0150,S0064,7
S0094,S0163,S0094,S0163,7
S0179,S0152,S0179,S0152,7
S0068,S0165,S0068,S0165,7
S0090,S0112,S0090,S0112,7
S0046,S0043,S0046,S0043,7
S0180,S0035,S0180,S0035,7
S0060,S0077,S0060,S0077,7
S0054,S0008,S0054,S0008,7
S0109,S0026,S0109,S0026,7
S0059,S0024,S0059,S0024,7
S0131,S0023,S0131,S0023,7
S0098,S0187,S0098,S0187,7
S0152,S0182,S0152,S0182,7
S0160,S0090,S0160,S0090,7
S0165,S0039,S0165,S0039,7
S0186,S0113,S0186,S0113,7
S0037,S0085,S0037,S0085,7
S0044,S0116,S0044,S0116,7
S0011,S0217,S0011,S0217,7
S0143,S0124,S0143,S0124,7
S0067,S0053,S0067,S0053,7
S0077,S0042,S0077,S0042,7
S0039,S0177,S0039,S0177,7
S0064,S0130,S0064,S0130,7
S0016,S0080,S0016,S0080,7
S0072,S0170,S0072,S0170,7
S0050,S0119,S0050,S0119,7
S0090,S0067,S0090,S0067,7
S0186,S0168,S0186,S0168,7
S0205,S0144,S0205,S0144,7
S0030,S0008,S0030,S0008,7
S0172,S0070,S0172,S0070,7
S0044,S0125,S0044,S0125,7
S0111,S0179,S0111,S0179,7
S0034,S0046,S0034,S0046,8
S0164,S0182,S0164,S0182,8
S0030,S0073,S0030,S0073,8
S0133,S0081,S0133,S0081,8
S0083,S0121,S0083,S0121,8
S0207,S0031,S0207,S0031,8
S0113,S0132,S0113,S0132,8
S0217,S0122,S0217,S0122,8
S0036,S0028,S0036,S0028,8
S0113,S0186,S0113,S0186,8
S0132,S0002,S0132,S0002,8
S0092,S0118,S0092,S0118,8
S0082,S0109,S0082,S0109,8
S0061,S0157,S0061,S0157,8
S0013,S0173,S0013,S0173,8
S0003,S0214,S0003,S0214,8
S0098,S0160,S0098,S0160,8
S0069,S0037,S0069,S0037,8
S0084,S0032,S0084,S0032,8
S0186,S0146,S0186,S0146,8
S0204,S0123,S0204,S0123,8
S0034,S0019,S0034,S0019,8
S0061,S0052,S0061,S0052,8
S0125,S0003,S0125,S0003,8
S0130,S0031,S0130,S0031,8
S0216,S0077,S0216,S0077,8
S0212,S0067,S0212,S0067,8
S0035,S0144,S0035,S0144,8
S0185,S0022,S0185,S0022,8
S0192,S0094,S0192,S0094,8
S0187,S0180,S0187,S0180,8
S0122,S0138,S0122,S0138,8
S0218,S0043,S0218,S0043,8
S0147,S0210,S0147,S0210,8
S0057,S0108,S0057,S0108,8
S0064,S0186,S0064,S0186,8
S0087,S0101,S0087,S0101,8
S0032,S0200,S0032,S0200,8
S0044,S0185,S0044,S0185,8
S0041,S0204,S0041,S0204,8
S0052,S0217,S0052,S0217,8
S0144,S0056,S0144,S0056,8
S0196,S0144,S0196,S0144,8
S0082,S0091,S0082,S0091,8
S0220,S0209,S0220,S0209,8
S0078,S0063,S0078,S0063,8
S0008,S0081,S0008,S0081,8
S0088,S0113,S0088,S0113,8
S0101,S0116,S0101,S0116,8
S0009,S0167,S0009,S0167,8
S0053,S0089,S0053,S0089,8
S0183,S0096,S0183,S0096,8
S0153,S0099,S0153,S0099,8
S0175,S0036,S0175,S0036,8
S0024,S0158,S0024,S0158,8
S0011,S0086,S0011,S0086,8
S0188,S0172,S0188,S0172,8
S0145,S0134,S0145,S0134,8
S0198,S0080,S0198,S0080,8
S0152,S0025,S0152,S0025,8
S0025,S0195,S0025,S0195,8
S0213,S0064,S0213,S0064,8
S0130,S0024,S0130,S0024,8
S0093,S0146,S0093,S0146,8
S0018,S0199,S0018,S0199,8
S0125,S0077,S0125,S0077,8
S0093,S0018,S0093,S0018,8
S0089,S0064,S0089,S0064,8
S0138,S0033,S0138,S0033,8
S0019,S0075,S0019,S0075,8
S0155,S0186,S0155,S0186,8
S0034,S0061,S0034,S0061,8
S0045,S0107,S0045,S0107,8
S0197,S0034,S0197,S0034,8
S0076,S0020,S0076,S0020,8
S0132,S0204,S0132,S0204,8
S0083,S0005,S0083,S0005,8
S0045,S0124,S0045,S0124,8
S0184,S0190,S0184,S0190,8
S0060,S0006,S0060,S0006,8
S0175,S0123,S0175,S0123,8
S0017,S0014,S0017,S0014,8
S0063,S0212,S0063,S0212,8
S0062,S0150,S0062,S0150,8
S0065,S0206,S0065,S0206,8
S0104,S0139,S0104,S0139,8
S0097,S0189,S0097,S0189,8
S0128,S0110,S0128,S0110,8
S0014,S0032,S0014,S0032,8
S0060,S0055,S0060,S0055,8
S0046,S0058,S0046,S0058,8
S0092,S0182,S0092,S0182,8
S0132,S0055,S0132,S0055,8
S0142,S0155,S0142,S0155,8
S0076,S0138,S0076,S0138,8
S0165,S0073,S0165,S0073,8
S0051,S0036,S0051,S0036,8
S0037,S0006,S0037,S0006,8
S0027,S0079,S0027,S0079,8
S0160,S0035,S0160,S0035,8
S0125,S0015,S0125,S0015,8
S0152,S0012,S0152,S0012,8
S0176,S0111,S0176,S0111,8
S0057,S0015,S0057,S0015,8
S0003,S0037,S0003,S0037,8
S0046,S0081,S0046,S0081,8
S0106,S0219,S0106,S0219,8
S0036,S0163,S0036,S0163,8
S0122,S0023,S0122,S0023,8
S0172,S0125,S0172,S0125,8
S0099,S0116,S0099,S0116,8
S0184,S0117,S0184,S0117,8
S0207,S0107,S0207,S0107,8
S0125,S0066,S0125,S0066,8
S0083,S0010,S0083,S0010,8
S0195,S0057,S0195,S0057,8
S0061,S0103,S0061,S0103,8
S0083,S0199,S0083,S0199,8
S0189,S0029,S0189,S0029,8
S0131,S0200,S0131,S0200,8
S0155,S0186,S0155,S0186,8
S0045,S0204,S0045,S0204,8
S0050,S0165,S0050,S0165,8
S0125,S0169,S0125,S0169,8
S0072,S0124,S0072,S0124,8
S0200,S0141,S0200,S0141,8
S0021,S0177,S0021,S0177,8
S0158,S0043,S0158,S0043,8
S0097,S0145,S0097,S0145,8
S0200,S0161,S0200,S0161,8
S0126,S0097,S0126,S0097,8
S0070,S0209,S0070,S0209,8
S0110,S0213,S0110,S0213,8
S0076,S0011,S0076,S0011,8
S0061,S0106,S0061,S0106,8
S0043,S0173,S0043,S0173,8
S0161,S0183,S0161,S0183,8
S0192,S0195,S0192,S0195,8
S0138,S0033,S0138,S0033,8
S0055,S0111,S0055,S0111,8
S0172,S0166,S0172,S0166,8
S0124,S0105,S0124,S0105,8
S0046,S0159,S0046,S0159,8
S0057,S0072,S0057,S0072,8
S0013,S0144,S0013,S0144,8
S0102,S0120,S0102,S0120,8
S0153,S0123,S0153,S0123,8
S0144,S0157,S0144,S0157,8
S0125,S0047,S0125,S0047,8
S0195,S0020,S0195,S0020,8
S0050,S0017,S0050,S0017,8
S0210,S0037,S0210,S0037,8
S0012,S0079,S0012,S0079,8
S0084,S0066,S0084,S0066,8
S0130,S0012,S0130,S0012,8
S0068,S0095,S0068,S0095,8
S0219,S0145,S0219,S0145,8
S0108,S0042,S0108,S0042,8
S0209,S0206,S0209,S0206,8
S0212,S0032,S0212,S0032,8
S0087,S0072,S0087,S0072,8
S0057,S0064,S0057,S0064,8
S0004,S0180,S0004,S0180,8
S0177,S0159,S0177,S0159,8
S0201,S0207,S0201,S0207,8
S0020,S0203,S0020,S0203,8
S0115,S0207,S0115,S0207,8
S0202,S0035,S0202,S0035,8
S0208,S0161,S0208,S0161,8
S0070,S0071,S0070,S0071,8
S0162,S0214,S0162,S0214,8
S0083,S0006,S0083,S0006,8
S0031,S0157,S0031,S0157,8
S0204,S0077,S0204,S0077,8
S0159,S0163,S0159,S0163,8
S0074,S0137,S0074,S0137,8
S0127,S0046,S0127,S0046,8
S0045,S0073,S0045,S0073,8
S0121,S0023,S0121,S0023,8
S0145,S0009,S0145,S0009,8
S0062,S0093,S0062,S0093,8
S0183,S0019,S0183,S0019,8
S0173,S0165,S0173,S0165,8
S0058,S0139,S0058,S0139,8
S0178,S0029,S0178,S0029,8
S0164,S0057,S0164,S0057,8
S0135,S0083,S0135,S0083,8
S0080,S0182,S0080,S0182,8
S0167,S0039,S0167,S0039,8
S0184,S0104,S0184,S0104,8
S0080,S0211,S0080,S0211,8
S0142,S0016,S0142,S0016,8
S0180,S0007,S0180,S0007,8
S0093,S0141,S0093,S0141,8
S0076,S0217,S0076,S0217,8
S0142,S0141,S0142,S0141,8
S0189,S0039,S0189,S0039,8
S0158,S0014,S0158,S0014,8
S0041,S0219,S0041,S0219,8
S0070,S0194,S0070,S0194,8
S0031,S0017,S0031,S0017,8
S0179,S0161,S0179,S0161,8
S0157,S0176,S0157,S0176,8
S0192,S0006,S0192,S0006,8
S0033,S0015,S0033,S0015,8
S0016,S0145,S0016,S0145,8
S0038,S0185,S0038,S0185,8
S0195,S0138,S0195,S0138,8
S0205,S0156,S0205,S0156,8
S0053,S0203,S0053,S0203,8
S0190,S0107,S0190,S0107,8
S0066,S0170,S0066,S0170,8
S0178,S0022,S0178,S0022,8
S0203,S0085,S0203,S0085,8
S0043,S0118,S0043,S0118,8
S0078,S0212,S0078,S0212,8
S0026,S0050,S0026,S0050,8
S0149,S0215,S0149,S0215,8
S0159,S0107,S0159,S0107,8
S0054,S0167,S0054,S0167,8
S0009,S0158,S0009,S0158,8
S0055,S0209,S0055,S0209,8
S0004,S0073,S0004,S0073,8
S0115,S0200,S0115,S0200,8
S0142,S0054,S0142,S0054,8
S0101,S0064,S0101,S0064,8
S0072,S0166,S0072,S0166,8
S0150,S0122,S0150,S0122,8
S0172,S0105,S0172,S0105,8
S0101,S0168,S0101,S0168,8
S0201,S0020,S0201,S0020,8
S0187,S0130,S0187,S0130,8
S0185,S0088,S0185,S0088,8
S0016,S0219,S0016,S0219,8
S0162,S0092,S0162,S0092,8
S0186,S0158,S0186,S0158,8
S0103,S0052,S0103,S0052,8
S0104,S0195,S0104,S0195,8
S0093,S0010,S0093,S0010,8
S0066,S0142,S0066,S0142,8
S0130,S0178,S0130,S0178,8
S0161,S0061,S0161,S0061,8
S0193,S0191,S0193,S0191,8
S0026,S0121,S0026,S0121,8
S0211,S0123,S0211,S0123,8
S0158,S0078,S0158,S0078,8
S0077,S0123,S0077,S0123,8
S0116,S0063,S0116,S0063,8
S0031,S0095,S0031,S0095,8
S0004,S0112,S0004,S0112,8
S0182,S0129,S0182,S0129,8
S0056,S0148,S0056,S0148,8
S0183,S0192,S0183,S0192,8
S0102,S0188,S0102,S0188,8
S0021,S0062,S0021,S0062,8
S0018,S0108,S0018,S0108,8
S0088,S0057,S0088,S0057,8
S0185,S0070,S0185,S0070,8
S0114,S0118,S0114,S0118,8
S0123,S0210,S0123,S0210,8
S0200,S0035,S0200,S0035,8
S0009,S0110,S0009,S0110,8
S0053,S0079,S0053,S0079,8
S0124,S0170,S0124,S0170,8
S0210,S0016,S0210,S0016,8
S0186,S0176,S0186,S0176,8
S0034,S0206,S0034,S0206,8
S0040,S0120,S0040,S0120,8
S0167,S0082,S0167,S0082,8
S0020,S0030,S0020,S0030,8
S0043,S0023,S0043,S0023,8
S0168,S0110,S0168,S0110,8
S0145,S0001,S0145,S0001,8
S0084,S0025,S0084,S0025,8
S0020,S0146,S0020,S0146,8
S0145,S0175,S0145,S0175,8
S0153,S0059,S0153,S0059,8
S0099,S0039,S0099,S0039,8
S0172,S0061,S0172,S0061,8
S0163,S0186,S0163,S0186,8
S0043,S0031,S0043,S0031,8
S0203,S0027,S0203,S0027,8
S0085,S0199,S0085,S0199,8
S0124,S0054,S0124,S0054,8
S0168,S0045,S0168,S0045,8
S0098,S0040,S0098,S0040,8
S0188,S0150,S0188,S0150,8
S0096,S0104,S0096,S0104,8
S0119,S0167,S0119,S0167,8
S0068,S0006,S0068,S0006,8
S0166,S0186,S0166,S0186,8
S0187,S0113,S0187,S0113,8
S0006,S0035,S0006,S0035,8
S0117,S0035,S0117,S0035,8
S0070,S0048,S0070,S0048,8
S0123,S0040,S0123,S0040,8
S0036,S0048,S0036,S0048,8
S0207,S0077,S0207,S0077,8
S0209,S0104,S0209,S0104,8
S0110,S0201,S0110,S0201,8
S0088,S0175,S0088,S0175,9
S0097,S0141,S0097,S0141,9
S0052,S0094,S0052,S0094,9
S0027,S0088,S0027,S0088,9
S0040,S0139,S0040,S0139,9
S0197,S0100,S0197,S0100,9
S0042,S0161,S0042,S0161,9
S0215,S0196,S0215,S0196,9
S0074,S0084,S0074,S0084,9
S0187,S0024,S0187,S0024,9
S0108,S0073,S0108,S0073,9
S0184,S0200,S0184,S0200,9
S0159,S0064,S0159,S0064,9
S0097,S0191,S0097,S0191,9
S0114,S0179,S0114,S0179,9
S0141,S0010,S0141,S0010,9
S0129,S0071,S0129,S0071,9
S0043,S0153,S0043,S0153,9
S0089,S0141,S0089,S0141,9
S0164,S0190,S0164,S0190,9
S0188,S0012,S0188,S0012,9
S0174,S0198,S0174,S0198,9
S0112,S0015,S0112,S0015,9
S0196,S0035,S0196,S0035,9
S0206,S0025,S0206,S0025,9
S0201,S0205,S0201,S0205,9
S0010,S0135,S0010,S0135,9
S0017,S0203,S0017,S0203,9
S0007,S0168,S0007,S0168,9
S0134,S0005,S0134,S0005,9
S0161,S0207,S0161,S0207,9
S0050,S0157,S0050,S0157,9
S0127,S0016,S0127,S0016,9
S0176,S0106,S0176,S0106,9
S0069,S0044,S0069,S0044,9
S0159,S0004,S0159,S0004,9
S0212,S0164,S0212,S0164,9
S0197,S0096,S0197,S0096,9
S0191,S0141,S0191,S0141,9
S0119,S0019,S0119,S0019,9
S0080,S0004,S0080,S0004,9
S0183,S0220,S0183,S0220,9
S0102,S0002,S0102,S0002,9
S0111,S0177,S0111,S0177,9
S0048,S0093,S0048,S0093,9
S0128,S0152,S0128,S0152,9
S0150,S0159,S0150,S0159,9
S0206,S0064,S0206,S0064,9
S0112,S0080,S0112,S0080,9
S0085,S0116,S0085,S0116,9
S0176,S0032,S0176,S0032,9
S0014,S0125,S0014,S0125,9
S0204,S0079,S0204,S0079,9
S0064,S0147,S0064,S0147,9
S0071,S0196,S0071,S0196,9
S0076,S0117,S0076,S0117,9
S0074,S0194,S0074,S0194,9
S0210,S0191,S0210,S0191,9
S0042,S0108,S0042,S0108,9
S0190,S0132,S0190,S0132,9
S0213,S0027,S0213,S0027,9
S0064,S0009,S0064,S0009,9
S0137,S0088,S0137,S0088,9
S0203,S0048,S0203,S0048,9
S0019,S0095,S0019,S0095,9
S0043,S0185,S0043,S0185,9
S0212,S0051,S0212,S0051,9
S0120,S0115,S0120,S0115,9
S0168,S0197,S0168,S0197,9
S0199,S0064,S0199,S0064,9
S0193,S0016,S0193,S0016,9
S0215,S0113,S0215,S0113,9
S0003,S0139,S0003,S0139,9
S0075,S0005,S0075,S0005,9
S0109,S0100,S0109,S0100,9
S0082,S0108,S0082,S0108,9
S0196,S0007,S0196,S0007,9
S0002,S0211,S0002,S0211,9
S0090,S0012,S0090,S0012,9
S0123,S0023,S0123,S0023,9
S0214,S0187,S0214,S0187,9
S0035,S0046,S0035,S0046,9
S0068,S0156,S0068,S0156,9
S0103,S0145,S0103,S0145,9
S0012,S0137,S0012,S0137,9
S0029,S0182,S0029,S0182,9
S0110,S0158,S0110,S0158,9
S0026,S0072,S0026,S0072,9
S0203,S0098,S0203,S0098,9
S0149,S0201,S0149,S0201,9
S0207,S0013,S0207,S0013,9
S0203,S0190,S0203,S0190,9
S0131,S0194,S0131,S0194,9
S0198,S0031,S0198,S0031,9
S0189,S0081,S0189,S0081,9
S0021,S0155,S0021,S0155,9
S0046,S0003,S0046,S0003,9
S0133,S0008,S0133,S0008,9
S0111,S0210,S0111,S0210,9
S0187,S0060,S0187,S0060,9
S0164,S0130,S0164,S0130,9
S0198,S0098,S0198,S0098,9
S0082,S0016,S0082,S0016,9
S0220,S0122,S0220,S0122,9
S0175,S0198,S0175,S0198,9
S0015,S0119,S0015,S0119,9
S0085,S0176,S0085,S0176,9
S0175,S0181,S0175,S0181,9
S0157,S0007,S0157,S0007,9
S0017,S0198,S0017,S0198,9
S0082,S0084,S0082,S0084,9
S0034,S0100,S0034,S0100,9
S0077,S0009,S0077,S0009,9
S0148,S0031,S0148,S0031,9
S0048,S0064,S0048,S0064,9
S0060,S0002,S0060,S0002,9
S0070,S0180,S0070,S0180,9
S0139,S0129,S0139,S0129,9
S0211,S0195,S0211,S0195,9
S0102,S0219,S0102,S0219,9
S0037,S0071,S0037,S0071,9
S0102,S0124,S0102,S0124,9
S0067,S0088,S0067,S0088,9
S0117,S0077,S0117,S0077,9
S0046,S0073,S0046,S0073,9
S0183,S0023,S0183,S0023,9
S0107,S0119,S0107,S0119,9
S0015,S0041,S0015,S0041,9
S0038,S0133,S0038,S0133,9
S0123,S0049,S0123,S0049,9
S0149,S0134,S0149,S0134,9
S0094,S0023,S0094,S0023,9
S0121,S0118,S0121,S0118,9
S0072,S0023,S0072,S0023,9
S0045,S0030,S0045,S0030,9
S0170,S0064,S0170,S0064,9
S0119,S0098,S0119,S0098,9
S0189,S0054,S0189,S0054,9
S0087,S0126,S0087,S0126,9
S0095,S0200,S0095,S0200,9
S0178,S0180,S0178,S0180,9
S0206,S0176,S0206,S0176,9
S0142,S0099,S0142,S0099,9
S0144,S0013,S0144,S0013,9
S0156,S0124,S0156,S0124,9
S0001,S0024,S0001,S0024,9
S0031,S0062,S0031,S0062,9
S0086,S0198,S0086,S0198,9
S0033,S0144,S0033,S0144,9
S0114,S0094,S0114,S0094,9
S0035,S0077,S0035,S0077,9
S0038,S0215,S0038,S0215,9
S0094,S0097,S0094,S0097,9
S0125,S0013,S0125,S0013,9
S0026,S0052,S0026,S0052,9
S0124,S0048,S0124,S0048,9
S0090,S0065,S0090,S0065,9
S0174,S0191,S0174,S0191,9
S0206,S0053,S0206,S0053,9
S0032,S0139,S0032,S0139,9
S0193,S0009,S0193,S0009,9
S0204,S0117,S0204,S0117,9
S0220,S0038,S0220,S0038,9
S0086,S0057,S0086,S0057,9
S0198,S0055,S0198,S0055,9
S0007,S0133,S0007,S0133,9
S0001,S0122,S0001,S0122,9
S0020,S0021,S0020,S0021,9
S0133,S0047,S0133,S0047,9
S0188,S0008,S0188,S0008,9
S0032,S0179,S0032,S0179,9
S0047,S0033,S0047,S0033,9
S0092,S0181,S0092,S0181,9
S0080,S0187,S0080,S0187,9
S0072,S0127,S0072,S0127,9
S0078,S0216,S0078,S0216,9
S0080,S0188,S0080,S0188,9
S0172,S0200,S0172,S0200,9
S0124,S0114,S0124,S0114,9
S0085,S0202,S0085,S0202,9
S0118,S0075,S0118,S0075,9
S0197,S0148,S0197,S0148,9
S0115,S0066,S0115,S0066,9
S0178,S0009,S0178,S0009,9
S0074,S0060,S0074,S0060,9
S0209,S0123,S0209,S0123,9
S0166,S0044,S0166,S0044,9
S0122,S0115,S0122,S0115,9
S0082,S0094,S0082,S0094,9
S0184,S0204,S0184,S0204,9
S0216,S0209,S0216,S0209,9
S0204,S0158,S0204,S0158,9
S0014,S0013,S0014,S0013,9
S0092,S0130,S0092,S0130,9
S0040,S0066,S0040,S0066,9
S0138,S0163,S0138,S0163,9
S0076,S0195,S0076,S0195,9
S0068,S0011,S0068,S0011,9
S0062,S0141,S0062,S0141,9
S0163,S0013,S0163,S0013,9
S0194,S0078,S0194,S0078,9
S0124,S0051,S0124,S0051,9
S0097,S0149,S0097,S0149,9
S0015,S0165,S0015,S0165,9
S0018,S0067,S0018,S0067,9
S0175,S0156,S0175,S0156,9
S0179,S0136,S0179,S0136,9
S0118,S0106,S0118,S0106,9
S0183,S0030,S0183,S0030,9
S0132,S0074,S0132,S0074,9
S0134,S0161,S0134,S0161,9
S0073,S0141,S0073,S0141,9
S0131,S0028,S0131,S0028,9
S0145,S0071,S0145,S0071,9
S0056,S0153,S0056,S0153,9
S0216,S0144,S0216,S0144,9
S0086,S0077,S0086,S0077,9
S0141,S0219,S0141,S0219,9
S0106,S0141,S0106,S0141,9
S0097,S0126,S0097,S0126,9
S0211,S0089,S0211,S0089,9
S0120,S0086,S0120,S0086,9
S0204,S0029,S0204,S0029,9
S0008,S0005,S0008,S0005,9
S0164,S0078,S0164,S0078,9
S0053,S0179,S0053,S0179,9
S0070,S0148,S0070,S0148,9
S0083,S0024,S0083,S0024,9
S0112,S0141,S0112,S0141,9
S0077,S0138,S0077,S0138,9
S0216,S0174,S0216,S0174,9
S0109,S0013,S0109,S0013,9
S0009,S0150,S0009,S0150,9
S0049,S0024,S0049,S0024,9
S0188,S0040,S0188,S0040,9
S0071,S0151,S0071,S0151,9
S0077,S0217,S0077,S0217,9
S0111,S0137,S0111,S0137,9
S0169,S0139,S0169,S0139,9
S0211,S0040,S0211,S0040,9
S0117,S0007,S0117,S0007,9
S0091,S0076,S0091,S0076,9
S0097,S0165,S0097,S0165,9
S0207,S0164,S0207,S0164,9
S0089,S0198,S0089,S0198,9
S0001,S0085,S0001,S0085,9
S0130,S0176,S0130,S0176,9
S0164,S0010,S0164,S0010,9
S0144,S0061,S0144,S0061,9
S0176,S0219,S0176,S0219,9
S0142,S0002,S0142,S0002,9
S0061,S0136,S0061,S0136,9
S0067,S0026,S0067,S0026,9
S0158,S0069,S0158,S0069,9
S0167,S0015,S0167,S0015,9
S0204,S0202,S0204,S0202,9
S0040,S0188,S0040,S0188,9
S0022,S0206,S0022,S0206,9
S0204,S0135,S0204,S0135,9
S0204,S0100,S0204,S0100,9
S0092,S0202,S0092,S0202,9
S0087,S0097,S0087,S0097,9
S0009,S0098,S0009,S0098,9
S0077,S0192,S0077,S0192,9
S0201,S0059,S0201,S0059,9
S0057,S0134,S0057,S0134,9
S0183,S0188,S0183,S0188,9
S0118,S0171,S0118,S0171,9
S0114,S0214,S0114,S0214,9
S0213,S0004,S0213,S0004,9
S0015,S0036,S0015,S0036,9
S0193,S0082,S0193,S0082,9
S0063,S0087,S0063,S0087,9
S0071,S0207,S0071,S0207,9
S0148,S0160,S0148,S0160,9
S0065,S0049,S0065,S0049,9
S0060,S0181,S0060,S0181,9
S0196,S0184,S0196,S0184,9
S0151,S0203,S0151,S0203,9
S0104,S0107,S0104,S0107,9
S0184,S0114,S0184,S0114,9
S0079,S0068,S0079,S0068,9
S0047,S0079,S0047,S0079,9
S0039,S0048,S0039,S0048,9
S0117,S0034,S0117,S0034,9
S0137,S0032,S0137,S0032,9
S0203,S0205,S0203,S0205,9
S0188,S0093,S0188,S0093,9
S0064,S0132,S0064,S0132,9
S0113,S0199,S0113,S0199,9
S0035,S0179,S0035,S0179,9
S0066,S0165,S0066,S0165,9
S0054,S0057,S0054,S0057,9
S0213,S0160,S0213,S0160,9
S0028,S0029,S0028,S0029,9
S0191,S0187,S0191,S0187,9
S0040,S0181,S0040,S0181,9
S0068,S0071,S0068,S0071,9
S0114,S0179,S0114,S0179,9
S0124,S0213,S0124,S0213,9
S0028,S0035,S0028,S0035,10
S0203,S0164,S0203,S0164,10
S0066,S0184,S0066,S0184,10
S0219,S0034,S0219,S0034,10
S0126,S0161,S0126,S0161,10
S0192,S0094,S0192,S0094,10
S0184,S0026,S0184,S0026,10
S0047,S0011,S0047,S0011,10
S0047,S0170,S0047,S0170,10
S0068,S0213,S0068,S0213,10
S0008,S0011,S0008,S0011,10
S0129,S0157,S0129,S0157,10
S0103,S0089,S0103,S0089,10
S0093,S0189,S0093,S0189,10
S0020,S0147,S0020,S0147,10
S0004,S0122,S0004,S0122,10
S0125,S0204,S0125,S0204,10
S0202,S0100,S0202,S0100,10
S0070,S0215,S0070,S0215,10
S0205,S0085,S0205,S0085,10
S0202,S0149,S0202,S0149,10
S0210,S0047,S0210,S0047,10
S0083,S0061,S0083,S0061,10
S0004,S0163,S0004,S0163,10
S0076,S0026,S0076,S0026,10
S0193,S0150,S0193,S0150,10
S0181,S0075,S0181,S0075,10
S0117,S0059,S0117,S0059,10
S0172,S0010,S0172,S0010,10
S0013,S0010,S0013,S0010,10
S0171,S0036,S0171,S0036,10
S0216,S0109,S0216,S0109,10
S0134,S0069,S0134,S0069,10
S0213,S0067,S0213,S0067,10
S0030,S0004,S0030,S0004,10
S0037,S0144,S0037,S0144,10
S0076,S0054,S0076,S0054,10
S0200,S0150,S0200,S0150,10
S0083,S0188,S0083,S0188,10
S0025,S0176,S0025,S0176,10
S0112,S0017,S0112,S0017,10
S0151,S0125,S0151,S0125,10
S0212,S0176,S0212,S0176,10
S0010,S0162,S0010,S0162,10
S0125,S0143,S0125,S0143,10
S0172,S0185,S0172,S0185,10
S0215,S0218,S0215,S0218,10
S0100,S0209,S0100,S0209,10
S0146,S0067,S0146,S0067,10
S0162,S0060,S0162,S0060,10
S0119,S0133,S0119,S0133,10
S0174,S0188,S0174,S0188,10
S0108,S0089,S0108,S0089,10
S0215,S0159,S0215,S0159,10
S0058,S0082,S0058,S0082,10
S0194,S0115,S0194,S0115,10
S0021,S0054,S0021,S0054,10
S0019,S0108,S0019,S0108,10
S0056,S0158,S0056,S0158,10
S0053,S0008,S0053,S0008,10
S0053,S0194,S0053,S0194,10
S0130,S0195,S0130,S0195,10
S0022,S0216,S0022,S0216,10
S0097,S0092,S0097,S0092,10
S0125,S0112,S0125,S0112,10
S0101,S0002,S0101,S0002,10
S0069,S0031,S0069,S0031,10
S0166,S0095,S0166,S0095,10
S0103,S0074,S0103,S0074,10
S0094,S0119,S0094,S0119,10
S0154,S0144,S0154,S0144,10
S0142,S0039,S0142,S0039,10
S0008,S0066,S0008,S0066,10
S0068,S0095,S0068,S0095,10
S0142,S0093,S0142,S0093,10
S0123,S0197,S0123,S0197,10
S0074,S0069,S0074,S0069,10
S0056,S0034,S0056,S0034,10
S0049,S0056,S0049,S0056,10
S0146,S0151,S0146,S0151,10
S0048,S0078,S0048,S0078,10
S0119,S0021,S0119,S0021,10
S0118,S0203,S0118,S0203,10
S0009,S0150,S0009,S0150,10
S0039,S0179,S0039,S0179,10
S0112,S0080,S0112,S0080,10
S0207,S0082,S0207,S0082,10
S0042,S0089,S0042,S0089,10
S0064,S0120,S0064,S0120,10
S0076,S0014,S0076,S0014,10
S0215,S0017,S0215,S0017,10
S0100,S0201,S0100,S0201,10
S0023,S0033,S0023,S0033,10
S0152,S0044,S0152,S0044,10
S0211,S0107,S0211,S0107,10
S0185,S0141,S0185,S0141,10
S0023,S0038,S0023,S0038,10
S0198,S0220,S0198,S0220,10
S0175,S0051,S0175,S0051,10
S0117,S0106,S0117,S0106,10
S0132,S0206,S0132,S0206,10
S0087,S0074,S0087,S0074,10
S0006,S0019,S0006,S0019,10
S0164,S0066,S0164,S0066,10
S0106,S0211,S0106,S0211,10
S0139,S0189,S0139,S0189,10
S0111,S0017,S0111,S0017,10
S0135,S0058,S0135,S0058,10
S0160,S0024,S0160,S0024,10
S0117,S0040,S0117,S0040,10
S0046,S0102,S0046,S0102,10
S0042,S0092,S0042,S0092,10
S0123,S0081,S0123,S0081,10
S0073,S0017,S0073,S0017,10
S0081,S0147,S0081,S0147,10
S0136,S0123,S0136,S0123,10
S0055,S0070,S0055,S0070,10
S0186,S0203,S0186,S0203,10
S0074,S0172,S0074,S0172,10
S0112,S0183,S0112,S0183,10
S0013,S0085,S0013,S0085,10
S0141,S0040,S0141,S0040,10
S0202,S0077,S0202,S0077,10
S0073,S0007,S0073,S0007,10
S0085,S0007,S0085,S0007,10
S0138,S0095,S0138,S0095,10
S0035,S0055,S0035,S0055,10
S0007,S0171,S0007,S0171,10
S0179,S0177,S0179,S0177,10
S0211,S0014,S0211,S0014,10
S0112,S0028,S0112,S0028,10
S0063,S0031,S0063,S0031,10
S0193,S0145,S0193,S0145,10
S0118,S0215,S0118,S0215,10
S0032,S0203,S0032,S0203,10
S0175,S0215,S0175,S0215,10
S0031,S0147,S0031,S0147,10
S0117,S0035,S0117,S0035,10
S0206,S0158,S0206,S0158,10
S0190,S0155,S0190,S0155,10
S0202,S0128,S0202,S0128,10
S0135,S0109,S0135,S0109,10
S0190,S0006,S0190,S0006,10
S0055,S0033,S0055,S0033,10
S0008,S0209,S0008,S0209,10
S0212,S0096,S0212,S0096,10
S0117,S0087,S0117,S0087,10
S0097,S0118,S0097,S0118,10
S0087,S0207,S0087,S0207,10
S0191,S0111,S0191,S0111,10
S0150,S0092,S0150,S0092,10
S0177,S0008,S0177,S0008,10
S0045,S0197,S0045,S0197,10
S0197,S0096,S0197,S0096,10
S0128,S0219,S0128,S0219,10
S0013,S0024,S0013,S0024,10
S0008,S0197,S0008,S0197,10
S0134,S0125,S0134,S0125,10
S0033,S0145,S0033,S0145,10
S0047,S0049,S0047,S0049,10
S0151,S0213,S0151,S0213,10
S0161,S0080,S0161,S0080,10
S0005,S0111,S0005,S0111,10
S0052,S0115,S0052,S0115,10
S0077,S0048,S0077,S0048,10
S0119,S0176,S0119,S0176,10
S0149,S0089,S0149,S0089,10
S0056,S0215,S0056,S0215,10
S0218,S0090,S0218,S0090,10
S0047,S0220,S0047,S0220,10
S0047,S0145,S0047,S0145,10
S0184,S0039,S0184,S0039,10
S0083,S0211,S0083,S0211,10
S0028,S0073,S0028,S0073,10
S0033,S0163,S0033,S0163,10
S0184,S0167,S0184,S0167,10
S0119,S0067,S0119,S0067,10
S0191,S0145,S0191,S0145,10
S0032,S0068,S0032,S0068,10
S0170,S0120,S0170,S0120,10
S0096,S0032,S0096,S0032,10
S0100,S0134,S0100,S0134,10
S0208,S0073,S0208,S0073,10
S0197,S0175,S0197,S0175,10
S0159,S0162,S0159,S0162,10
S0085,S0167,S0085,S0167,10
S0210,S0076,S0210,S0076,10
S0120,S0058,S0120,S0058,10
S0157,S0149,S0157,S0149,10
S0210,S0015,S0210,S0015,10
S0014,S0157,S0014,S0157,10
S0102,S0165,S0102,S0165,10
S0120,S0123,S0120,S0123,10
S0056,S0042,S0056,S0042,10
S0012,S0218,S0012,S0218,10
S0017,S0134,S0017,S0134,10
S0216,S0069,S0216,S0069,10
S0210,S0069,S0210,S0069,10
S0187,S0080,S0187,S0080,10
S0111,S0040,S0111,S0040,10
S0081,S0043,S0081,S0043,10
S0025,S0131,S0025,S0131,10
S0106,S0181,S0106,S0181,10
S0088,S0110,S0088,S0110,10
S0126,S0154,S0126,S0154,10
S0205,S0060,S0205,S0060,10
S0041,S0058,S0041,S0058,10
S0008,S0170,S0008,S0170,10
S0058,S0055,S0058,S0055,10
S0118,S0139,S0118,S0139,10
S0089,S0090,S0089,S0090,10
S0027,S0021,S0027,S0021,10
S0063,S0149,S0063,S0149,10
S0218,S0076,S0218,S0076,10
S0219,S0013,S0219,S0013,10
S0199,S0085,S0199,S0085,10
S0163,S0173,S0163,S0173,10
S0131,S0049,S0131,S0049,10
S0104,S0202,S0104,S0202,10
S0025,S0095,S0025,S0095,10
S0034,S0208,S0034,S0208,10
S0040,S0001,S0040,S0001,10
S0151,S0202,S0151,S0202,10
S0199,S0143,S0199,S0143,10
S0185,S0009,S0185,S0009,10
S0067,S0039,S0067,S0039,10
S0104,S0054,S0104,S0054,10
S0124,S0117,S0124,S0117,10
S0100,S0195,S0100,S0195,10
S0102,S0031,S0102,S0031,10
S0034,S0022,S0034,S0022,10
S0117,S0091,S0117,S0091,10
S0128,S0092,S0128,S0092,10
S0130,S0204,S0130,S0204,10
S0054,S0129,S0054,S0129,10
S0049,S0182,S0049,S0182,10
S0066,S0034,S0066,S0034,10
S0017,S0144,S0017,S0144,10
S0023,S0048,S0023,S0048,10
S0012,S0021,S0012,S0021,10
S0103,S0105,S0103,S0105,10
S0104,S0063,S0104,S0063,10
S0181,S0060,S0181,S0060,10
S0105,S0004,S0105,S0004,10
S0123,S0183,S0123,S0183,10
S0089,S0080,S0089,S0080,10
S0005,S0128,S0005,S0128,10
S0063,S0178,S0063,S0178,10
S0211,S0185,S0211,S0185,10
S0147,S0100,S0147,S0100,10
S0161,S0184,S0161,S0184,10
S0095,S0128,S0095,S0128,10
S0164,S0033,S0164,S0033,10
S0137,S0219,S0137,S0219,10
S0199,S0208,S0199,S0208,10
S0074,S0164,S0074,S0164,10
S0139,S0041,S0139,S0041,10
S0071,S0123,S0071,S0123,10
S0186,S0033,S0186,S0033,10
S0167,S0062,S0167,S0062,10
S0047,S0082,S0047,S0082,10
S0199,S0187,S0199,S0187,10
S0109,S0164,S0109,S0164,10
S0074,S0121,S0074,S0121,10
S0154,S0209,S0154,S0209,10
S0156,S0028,S0156,S0028,10
S0178,S0142,S0178,S0142,10
S0103,S0150,S0103,S0150,10
S0219,S0040,S0219,S0040,10
S0086,S0069,S0086,S0069,10
S0090,S0169,S0090,S0169,10
S0194,S0150,S0194,S0150,10
S0020,S0135,S0020,S0135,10
S0076,S0152,S0076,S0152,10
S0007,S0209,S0007,S0209,10
S0220,S0199,S0220,S0199,10
S0150,S0067,S0150,S0067,10
S0145,S0120,S0145,S0120,10
S0007,S0092,S0007,S0092,10
S0029,S0148,S0029,S0148,10
S0048,S0096,S0048,S0096,10
S0157,S0068,S0157,S0068,10
S0182,S0174,S0182,S0174,10
S0061,S0049,S0061,S0049,10
S0135,S0183,S0135,S0183,10
S0041,S0210,S0041,S0210,10
S0131,S0207,S0131,S0207,10
S0186,S0095,S0186,S0095,10
S0151,S0110,S0151,S0110,10
S0050,S0004,S0050,S0004,10
S0075,S0032,S0075,S0032,10
S0040,S0163,S0040,S0163,10
S0010,S0215,S0010,S0215,10
S0003,S0208,S0003,S0208,10
S0026,S0016,S0026,S0016,10
S0088,S0177,S0088,S0177,10
S0192,S0174,S0192,S0174,10
S0211,S0027,S0211,S0027,10
S0064,S0022,S0064,S0022,10
S0114,S0079,S0114,S0079,10
S0207,S0130,S0207,S0130,11
S0118,S0017,S0118,S0017,11
S0030,S0195,S0030,S0195,11
S0054,S0114,S0054,S0114,11
S0125,S0047,S0125,S0047,11
S0159,S0152,S0159,S0152,11
S0110,S0124,S0110,S0124,11
S0064,S0011,S0064,S0011,11
S0158,S0192,S0158,S0192,11
S0088,S0191,S0088,S0191,11
S0161,S0050,S0161,S0050,11
S0077,S0068,S0077,S0068,11
S0126,S0207,S0126,S0207,11
S0076,S0209,S0076,S0209,11
S0178,S0002,S0178,S0002,11
S0137,S0204,S0137,S0204,11
S0158,S0109,S0158,S0109,11
S0010,S0083,S0010,S0083,11
S0032,S0014,S0032,S0014,11
S0094,S0184,S0094,S0184,11
S0080,S0149,S0080,S0149,11
S0081,S0130,S0081,S0130,11
S0201,S0168,S0201,S0168,11
S0128,S0011,S0128,S0011,11
S0097,S0154,S0097,S0154,11
S0027,S0010,S0027,S0010,11
S0127,S0123,S0127,S0123,11
S0195,S0190,S0195,S0190,11
S0220,S0005,S0220,S0005,11
S0190,S0114,S0190,S0114,11
S0163,S0200,S0163,S0200,11
S0174,S0127,S0174,S0127,11
S0045,S0135,S0045,S0135,11
S0057,S0192,S0057,S0192,11
S0082,S0121,S0082,S0121,11
S0074,S0211,S0074,S0211,11
S0189,S0076,S0189,S0076,11
S0126,S0195,S0126,S0195,11
S0152,S0151,S0152,S0151,11
S0123,S0073,S0123,S0073,11
S0167,S0077,S0167,S0077,11
S0168,S0126,S0168,S0126,11
S0195,S0069,S0195,S0069,11
S0057,S0186,S0057,S0186,11
S0124,S0217,S0124,S0217,11
S0212,S0058,S0212,S0058,11
S0128,S0074,S0128,S0074,11
S0033,S0003,S0033,S0003,11
S0098,S0109,S0098,S0109,11
S0161,S0072,S0161,S0072,11
S0220,S0204,S0220,S0204,11
S0033,S0185,S0033,S0185,11
S0196,S0189,S0196,S0189,11
S0059,S0100,S0059,S0100,11
S0152,S0169,S0152,S0169,11
S0025,S0058,S0025,S0058,11
S0143,S0185,S0143,S0185,11
S0083,S0108,S0083,S0108,11
S0031,S0157,S0031,S0157,11
S0208,S0104,S0208,S0104,11
S0149,S0029,S0149,S0029,11
S0201,S0165,S0201,S0165,11
S0047,S0114,S0047,S0114,11
S0141,S0021,S0141,S0021,11
S0178,S0174,S0178,S0174,11
S0194,S0157,S0194,S0157,11
S0200,S0113,S0200,S0113,11
S0112,S0032,S0112,S0032,11
S0163,S0077,S0163,S0077,11
S0178,S0089,S0178,S0089,11
S0163,S0192,S0163,S0192,11
S0008,S0175,S0008,S0175,11
S0198,S0041,S0198,S0041,11
S0218,S0175,S0218,S0175,11
S0020,S0193,S0020,S0193,11
S0194,S0184,S0194,S0184,11
S0137,S0002,S0137,S0002,11
S0068,S0175,S0068,S0175,11
S0023,S0196,S0023,S0196,11
S0220,S0089,S0220,S0089,11
S0119,S0127,S0119,S0127,11
S0200,S0064,S0200,S0064,11
S0171,S0102,S0171,S0102,11
S0182,S0141,S0182,S0141,11
S0211,S0022,S0211,S0022,11
S0209,S0210,S0209,S0210,11
S0128,S0067,S0128,S0067,11
S0113,S0200,S0113,S0200,11
S0085,S0199,S0085,S0199,11
S0214,S0083,S0214,S0083,11
S0179,S0021,S0179,S0021,11
S0134,S0172,S0134,S0172,11
S0197,S0070,S0197,S0070,11
S0138,S0213,S0138,S0213,11
S0045,S0162,S0045,S0162,11
S0026,S0196,S0026,S0196,11
S0012,S0094,S0012,S0094,11
S0220,S0209,S0220,S0209,11
S0169,S0126,S0169,S0126,11
S0172,S0109,S0172,S0109,11
S0159,S0140,S0159,S0140,11
S0114,S0109,S0114,S0109,11
S0138,S0052,S0138,S0052,11
S0217,S0109,S0217,S0109,11
S0206,S0113,S0206,S0113,11
S0045,S0030,S0045,S0030,11
S0021,S0167,S0021,S0167,11
S0122,S0167,S0122,S0167,11
S0163,S0039,S0163,S0039,11
S0055,S0015,S0055,S0015,11
S0177,S0002,S0177,S0002,11
S0051,S0111,S0051,S0111,11
S0067,S0076,S0067,S0076,11
S0003,S0020,S0003,S0020,11
S0126,S0145,S0126,S0145,11
S0131,S0153,S0131,S0153,11
S0167,S0038,S0167,S0038,11
S0118,S0181,S0118,S0181,11
S0055,S0040,S0055,S0040,11
S0024,S0144,S0024,S0144,11
S0109,S0029,S0109,S0029,11
S0145,S0011,S0145,S0011,11
S0131,S0025,S0131,S0025,11
S0182,S0209,S0182,S0209,11
S0199,S0046,S0199,S0046,11
S0165,S0021,S0165,S0021,11
S0200,S0030,S0200,S0030,11
S0204,S0124,S0204,S0124,11
S0180,S0119,S0180,S0119,11
S0110,S0012,S0110,S0012,11
S0130,S0167,S0130,S0167,11
S0209,S0146,S0209,S0146,11
S0028,S0068,S0028,S0068,11
S0087,S0021,S0087,S0021,11
S0003,S0186,S0003,S0186,11
S0097,S0052,S0097,S0052,11
S0180,S0064,S0180,S0064,11
S0146,S0209,S0146,S0209,11
S0036,S0017,S0036,S0017,11
S0054,S0190,S0054,S0190,11
S0215,S0121,S0215,S0121,11
S0059,S0004,S0059,S0004,11
S0175,S0053,S0175,S0053,11
S0137,S0031,S0137,S0031,11
S0110,S0098,S0110,S0098,11
S0187,S0174,S0187,S0174,11
S0026,S0164,S0026,S0164,11
S0093,S0144,S0093,S0144,11
S0168,S0211,S0168,S0211,11
S0035,S0139,S0035,S0139,11
S0161,S0204,S0161,S0204,11
S0045,S0099,S0045,S0099,11
S0174,S0029,S0174,S0029,11
S0175,S0148,S0175,S0148,11
S0124,S0061,S0124,S0061,11
S0006,S0182,S0006,S0182,11
S0074,S0007,S0074,S0007,11
S0064,S0125,S0064,S0125,11
S0190,S0107,S0190,S0107,11
S0140,S0199,S0140,S0199,11
S0141,S0007,S0141,S0007,11
S0041,S0054,S0041,S0054,11
S0136,S0153,S0136,S0153,11
S0154,S0159,S0154,S0159,11
S0079,S0069,S0079,S0069,11
S0045,S0050,S0045,S0050,11
S0164,S0095,S0164,S0095,11
S0088,S0189,S0088,S0189,11
S0162,S0173,S0162,S0173,11
S0034,S0062,S0034,S0062,11
S0097,S0103,S0097,S0103,11
S0100,S0167,S0100,S0167,11
S0118,S0159,S0118,S0159,11
S0007,S0177,S0007,S0177,11
S0118,S0022,S0118,S0022,11
S0099,S0113,S0099,S0113,11
S0189,S0163,S0189,S0163,11
S0212,S0201,S0212,S0201,11
S0021,S0150,S0021,S0150,11
S0016,S0156,S0016,S0156,11
S0102,S0106,S0102,S0106,11
S0217,S0143,S0217,S0143,11
S0192,S0080,S0192,S0080,11
S0203,S0064,S0203,S0064,11
S0013,S0054,S0013,S0054,11
S0012,S0211,S0012,S0211,11
S0186,S0106,S0186,S0106,11
S0220,S0038,S0220,S0038,11
S0174,S0124,S0174,S0124,11
S0166,S0123,S0166,S0123,11
S0022,S0082,S0022,S0082,11
S0132,S0076,S0132,S0076,11
S0193,S0156,S0193,S0156,11
S0090,S0003,S0090,S0003,11
S0088,S0050,S0088,S0050,11
S0044,S0114,S0044,S0114,11
S0163,S0033,S0163,S0033,11
S0149,S0113,S0149,S0113,11
S0077,S0209,S0077,S0209,11
S0083,S0050,S0083,S0050,11
S0188,S0060,S0188,S0060,11
S0201,S0204,S0201,S0204,11
S0006,S0086,S0006,S0086,11
S0079,S0028,S0079,S0028,11
S0076,S0117,S0076,S0117,11
S0199,S0023,S0199,S0023,11
S0106,S0102,S0106,S0102,11
S0203,S0023,S0203,S0023,11
S0142,S0181,S0142,S0181,11
S0159,S0029,S0159,S0029,11
S0220,S0104,S0220,S0104,11
S0107,S0103,S0107,S0103,11
S0076,S0064,S0076,S0064,11
S0148,S0201,S0148,S0201,11
S0043,S0076,S0043,S0076,11
S0051,S0196,S0051,S0196,11
S0046,S0173,S0046,S0173,11
S0117,S0067,S0117,S0067,11
S0035,S0161,S0035,S0161,11
S0019,S0009,S0019,S0009,11
S0074,S0169,S0074,S0169,11
S0147,S0050,S0147,S0050,11
S0028,S0103,S0028,S0103,11
S0086,S0212,S0086,S0212,11
S0141,S0004,S0141,S0004,11
S0011,S0132,S0011,S0132,11
S0087,S0097,S0087,S0097,11
S0140,S0055,S0140,S0055,11
S0216,S0033,S0216,S0033,11
S0216,S0078,S0216,S0078,11
S0061,S0111,S0061,S0111,11
S0104,S0152,S0104,S0152,11
S0008,S0039,S0008,S0039,11
S0126,S0167,S0126,S0167,11
S0078,S0066,S0078,S0066,11
S0136,S0084,S0136,S0084,11
S0030,S0106,S0030,S0106,11
S0174,S0067,S0174,S0067,11
S0172,S0149,S0172,S0149,11
S0133,S0168,S0133,S0168,11
S0101,S0189,S0101,S0189,11
S0144,S0125,S0144,S0125,11
S0170,S0112,S0170,S0112,11
S0211,S0145,S0211,S0145,11
S0043,S0001,S0043,S0001,11
S0068,S0066,S0068,S0066,11
S0035,S0015,S0035,S0015,11
S0098,S0214,S0098,S0214,11
S0074,S0080,S0074,S0080,11
S0207,S0184,S0207,S0184,11
S0013,S0189,S0013,S0189,11
S0198,S0072,S0198,S0072,11
S0127,S0106,S0127,S0106,11
S0211,S0216,S0211,S0216,11
S0154,S0173,S0154,S0173,11
S0123,S0156,S0123,S0156,11
S0070,S0010,S0070,S0010,11
S0134,S0042,S0134,S0042,11
S0133,S0199,S0133,S0199,11
S0064,S0196,S0064,S0196,11
S0043,S0140,S0043,S0140,11
S0107,S0203,S0107,S0203,11
S0041,S0089,S0041,S0089,11
S0086,S0208,S0086,S0208,11
S0118,S0021,S0118,S0021,11
S0212,S0025,S0212,S0025,11
S0003,S0140,S0003,S0140,11
S0048,S0146,S0048,S0146,11
S0197,S0178,S0197,S0178,11
S0190,S0020,S0190,S0020,11
S0029,S0216,S0029,S0216,11
S0126,S0090,S0126,S0090,11
S0219,S0139,S0219,S0139,11
S0024,S0076,S0024,S0076,11
S0121,S0115,S0121,S0115,11
S0201,S0040,S0201,S0040,11
S0017,S0154,S0017,S0154,11
S0123,S0078,S0123,S0078,11
S0121,S0002,S0121,S0002,11
S0108,S0151,S0108,S0151,11
S0073,S0089,S0073,S0089,11
S0032,S0217,S0032,S0217,11
S0079,S0153,S0079,S0153,11
S0028,S0045,S0028,S0045,11
S0164,S0158,S0164,S0158,11
S0199,S0160,S0199,S0160,11
S0047,S0090,S0047,S0090,11
S0200,S0101,S0200,S0101,11
S0025,S0193,S0025,S0193,11
S0039,S0020,S0039,S0020,11
S0083,S0218,S0083,S0218,11
S0098,S0083,S0098,S0083,11
S0175,S0212,S0175,S0212,11
S0192,S0042,S0192,S0042,11
S0008,S0021,S0008,S0021,11
S0096,S0170,S0096,S0170,11
S0173,S0209,S0173,S0209,11
S0131,S0189,S0131,S0189,11
S0036,S0024,S0036,S0024,11
S0067,S0086,S0067,S0086,11
S0100,S0127,S0100,S0127,12
S0127,S0079,S0127,S0079,12
S0195,S0147,S0195,S0147,12
S0063,S0008,S0063,S0008,12
S0051,S0128,S0051,S0128,12
S0100,S0143,S0100,S0143,12
S0036,S0124,S0036,S0124,12
S0144,S0179,S0144,S0179,12
S0181,S0128,S0181,S0128,12
S0183,S0150,S0183,S0150,12
S0044,S0060,S0044,S0060,12
S0056,S0032,S0056,S0032,12
S0012,S0137,S0012,S0137,12
S0192,S0139,S0192,S0139,12
S0010,S0210,S0010,S0210,12
S0219,S0049,S0219,S0049,12
S0008,S0153,S0008,S0153,12
S0179,S0107,S0179,S0107,12
S0211,S0169,S0211,S0169,12
S0015,S0209,S0015,S0209,12
S0076,S0035,S0076,S0035,12
S0191,S0061,S0191,S0061,12
S0089,S0120,S0089,S0120,12
S0070,S0187,S0070,S0187,12
S0189,S0193,S0189,S0193,12
S0185,S0064,S0185,S0064,12
S0001,S0214,S0001,S0214,12
S0081,S0151,S0081,S0151,12
S0208,S0133,S0208,S0133,12
S0081,S0120,S0081,S0120,12
S0061,S0057,S0061,S0057,12
S0198,S0003,S0198,S0003,12
S0051,S0115,S0051,S0115,12
S0143,S0121,S0143,S0121,12
S0134,S0098,S0134,S0098,12
S0051,S0038,S0051,S0038,12
S0089,S0122,S0089,S0122,12
S0203,S0022,S0203,S0022,12
S0151,S0083,S0151,S0083,12
S0181,S0154,S0181,S0154,12
S0035,S0111,S0035,S0111,12
S0205,S0104,S0205,S0104,12
S0198,S0133,S0198,S0133,12
S0162,S0193,S0162,S0193,12
S0169,S0210,S0169,S0210,12
S0140,S0111,S0140,S0111,12
S0003,S0121,S0003,S0121,12
S0148,S0062,S0148,S0062,12
S0134,S0171,S0134,S0171,12
S0040,S0052,S0040,S0052,12
S0109,S0002,S0109,S0002,12
S0115,S0143,S0115,S0143,12
S0179,S0169,S0179,S0169,12
S0194,S0215,S0194,S0215,12
S0023,S0109,S0023,S0109,12
S0020,S0092,S0020,S0092,12
S0105,S0122,S0105,S0122,12
S0204,S0197,S0204,S0197,12
S0024,S0118,S0024,S0118,12
S0118,S0072,S0118,S0072,12
S0192,S0144,S0192,S0144,12
S0061,S0007,S0061,S0007,12
S0169,S0168,S0169,S0168,12
S0132,S0200,S0132,S0200,12
S0083,S0070,S0083,S0070,12
S0144,S0027,S0144,S0027,12
S0113,S0156,S0113,S0156,12
S0218,S0216,S0218,S0216,12
S0194,S0051,S0194,S0051,12
S0093,S0115,S0093,S0115,12
S0024,S0141,S0024,S0141,12
S0057,S0015,S0057,S0015,12
S0166,S0143,S0166,S0143,12
S0109,S0152,S0109,S0152,12
S0073,S0166,S0073,S0166,12
S0117,S0103,S0117,S0103,12
S0075,S0033,S0075,S0033,12
S0137,S0116,S0137,S0116,12
S0063,S0182,S0063,S0182,12
S0192,S0029,S0192,S0029,12
S0147,S0034,S0147,S0034,12
S0169,S0094,S0169,S0094,12
S0213,S0094,S0213,S0094,12
S0164,S0148,S0164,S0148,12
S0151,S0204,S0151,S0204,12
S0142,S0036,S0142,S0036,12
S0176,S0110,S0176,S0110,12
S0032,S0021,S0032,S0021,12
S0007,S0201,S0007,S0201,12
S0032,S0074,S0032,S0074,12
S0109,S0130,S0109,S0130,12
S0076,S0203,S0076,S0203,12
S0033,S0093,S0033,S0093,12
S0218,S0178,S0218,S0178,12
S0133,S0171,S0133,S0171,12
S0050,S0033,S0050,S0033,12
S0207,S0032,S0207,S0032,12
S0149,S0126,S0149,S0126,12
S0032,S0107,S0032,S0107,12
S0133,S0180,S0133,S0180,12
S0041,S0070,S0041,S0070,12
S0077,S0208,S0077,S0208,12
S0193,S0122,S0193,S0122,12
S0078,S0161,S0078,S0161,12
S0112,S0101,S0112,S0101,12
S0120,S0050,S0120,S0050,12
S0095,S0215,S0095,S0215,12
S0032,S0093,S0032,S0093,12
S0011,S0152,S0011,S0152,12
S0069,S0110,S0069,S0110,12
S0011,S0134,S0011,S0134,12
S0206,S0128,S0206,S0128,12
S0114,S0129,S0114,S0129,12
S0146,S0161,S0146,S0161,12
S0182,S0171,S0182,S0171,12
S0052,S0165,S0052,S0165,12
S0212,S0064,S0212,S0064,12
S0211,S0073,S0211,S0073,12
S0031,S0186,S0031,S0186,12
S0210,S0059,S0210,S0059,12
S0012,S0029,S0012,S0029,12
S0047,S0138,S0047,S0138,12
S0095,S0136,S0095,S0136,12
S0034,S0143,S0034,S0143,12
S0144,S0085,S0144,S0085,12
S0014,S0072,S0014,S0072,12
S0193,S0032,S0193,S0032,12
S0130,S0095,S0130,S0095,12
S0197,S0216,S0197,S0216,12
S0011,S0016,S0011,S0016,12
S0202,S0007,S0202,S0007,12
S0179,S0139,S0179,S0139,12
S0003,S0184,S0003,S0184,12
S0173,S0016,S0173,S0016,12
S0076,S0016,S0076,S0016,12
S0154,S0145,S0154,S0145,12
S0064,S0159,S0064,S0159,12
S0055,S0123,S0055,S0123,12
S0021,S0181,S0021,S0181,12
S0062,S0014,S0062,S0014,12
S0028,S0060,S0028,S0060,12
S0172,S0211,S0172,S0211,12
S0177,S0178,S0177,S0178,12
S0095,S0203,S0095,S0203,12
S0042,S0065,S0042,S0065,12
S0023,S0035,S0023,S0035,12
S0104,S0163,S0104,S0163,12
S0180,S0183,S0180,S0183,12
S0016,S0024,S0016,S0024,12
S0087,S0007,S0087,S0007,12
S0151,S0154,S0151,S0154,12
S0158,S0032,S0158,S0032,12
S0008,S0076,S0008,S0076,12
S0049,S0145,S0049,S0145,12
S0189,S0105,S0189,S0105,12
S0179,S0217,S0179,S0217,12
S0092,S0093,S0092,S0093,12
S0138,S0034,S0138,S0034,12
S0094,S0128,S0094,S0128,12
S0098,S0165,S0098,S0165,12
S0122,S0201,S0122,S0201,12
S0125,S0137,S0125,S0137,12
S0185,S0141,S0185,S0141,12
S0207,S0069,S0207,S0069,12
S0154,S0185,S0154,S0185,12
S0125,S0022,S0125,S0022,12
S0209,S0008,S0209,S0008,12
S0017,S0090,S0017,S0090,12
S0160,S0218,S0160,S0218,12
S0053,S0098,S0053,S0098,12
S0116,S0092,S0116,S0092,12
S0168,S0210,S0168,S0210,12
S0044,S0180,S0044,S0180,12
S0012,S0196,S0012,S0196,12
S0034,S0185,S0034,S0185,12
S0207,S0069,S0207,S0069,12
S0105,S0015,S0105,S0015,12
S0095,S0172,S0095,S0172,12
S0116,S0040,S0116,S0040,12
S0020,S0045,S0020,S0045,12
S0142,S0095,S0142,S0095,12
S0035,S0103,S0035,S0103,12
S0010,S0100,S0010,S0100,12
S0020,S0005,S0020,S0005,12
S0125,S0106,S0125,S0106,12
S0119,S0106,S0119,S0106,12
S0091,S0115,S0091,S0115,12
S0123,S0016,S0123,S0016,12
S0090,S0110,S0090,S0110,12
S0011,S0010,S0011,S0010,12
S0046,S0030,S0046,S0030,12
S0091,S0110,S0091,S0110,12
S0087,S0112,S0087,S0112,12
S0088,S0209,S0088,S0209,12
S0114,S0140,S0114,S0140,12
S0084,S0046,S0084,S0046,12
S0008,S0049,S0008,S0049,12
S0081,S0143,S0081,S0143,12
S0187,S0107,S0187,S0107,12
S0032,S0004,S0032,S0004,12
S0160,S0062,S0160,S0062,12
S0052,S0201,S0052,S0201,12
S0082,S0188,S0082,S0188,12
S0097,S0144,S0097,S0144,12
S0202,S0016,S0202,S0016,12
S0131,S0070,S0131,S0070,12
S0129,S0034,S0129,S0034,12
S0118,S0078,S0118,S0078,12
S0204,S0012,S0204,S0012,12
S0090,S0035,S0090,S0035,12
S0094,S0146,S0094,S0146,12
S0033,S0042,S0033,S0042,12
S0206,S0046,S0206,S0046,12
S0181,S0025,S0181,S0025,12
S0189,S0154,S0189,S0154,12
S0070,S0039,S0070,S0039,12
S0097,S0207,S0097,S0207,12
S0194,S0213,S0194,S0213,12
S0200,S0038,S0200,S0038,12
S0063,S0038,S0063,S0038,12
S0087,S0004,S0087,S0004,12
S0189,S0185,S0189,S0185,12
S0022,S0103,S0022,S0103,12
S0152,S0010,S0152,S0010,12
S0181,S0083,S0181,S0083,12
S0197,S0003,S0197,S0003,12
S0025,S0176,S0025,S0176,12
S0165,S0111,S0165,S0111,12
S0202,S0033,S0202,S0033,12
S0067,S0176,S0067,S0176,12
S0126,S0004,S0126,S0004,12
S0172,S0189,S0172,S0189,12
S0146,S0201,S0146,S0201,12
S0051,S0086,S0051,S0086,12
S0118,S0210,S0118,S0210,12
S0137,S0101,S0137,S0101,12
S0022,S0160,S0022,S0160,12
S0217,S0072,S0217,S0072,12
S0119,S0145,S0119,S0145,12
S0149,S0073,S0149,S0073,12
S0147,S0104,S0147,S0104,12
S0207,S0066,S0207,S0066,12
S0210,S0179,S0210,S0179,12
S0216,S0118,S0216,S0118,12
S0097,S0130,S0097,S0130,12
S0126,S0038,S0126,S0038,12
S0192,S0015,S0192,S0015,12
S0044,S0069,S0044,S0069,12
S0213,S0089,S0213,S0089,12
S0162,S0168,S0162,S0168,12
S0160,S0121,S0160,S0121,12
S0073,S0164,S0073,S0164,12
S0093,S0017,S0093,S0017,12
S0153,S0161,S0153,S0161,12
S0202,S0041,S0202,S0041,12
S0131,S0058,S0131,S0058,12
S0004,S0065,S0004,S0065,12
S0100,S0184,S0100,S0184,12
S0176,S0137,S0176,S0137,12
S0108,S0163,S0108,S0163,12
S0203,S0148,S0203,S0148,12
S0169,S0077,S0169,S0077,12
S0067,S0090,S0067,S0090,12
S0008,S0145,S0008,S0145,12
S0103,S0059,S0103,S0059,12
S0071,S0138,S0071,S0138,12
S0180,S0181,S0180,S0181,12
S0146,S0064,S0146,S0064,12
S0076,S0036,S0076,S0036,12
S0069,S0215,S0069,S0215,12
S0153,S0075,S0153,S0075,12
S0207,S0087,S0207,S0087,12
S0104,S0094,S0104,S0094,12
S0003,S0024,S0003,S0024,12
S0098,S0164,S0098,S0164,12
S0027,S0196,S0027,S0196,12
S0169,S0072,S0169,S0072,12
S0073,S0218,S0073,S0218,12
S0070,S0112,S0070,S0112,12
S0198,S0048,S0198,S0048,12
S0046,S0001,S0046,S0001,12
S0001,S0122,S0001,S0122,12
S0013,S0045,S0013,S0045,12
S0067,S0133,S0067,S0133,12
S0020,S0204,S0020,S0204,12
S0137,S0057,S0137,S0057,12
S0091,S0204,S0091,S0204,12
S0076,S0205,S0076,S0205,12
S0027,S0103,S0027,S0103,12
S0202,S0081,S0202,S0081,12
S0013,S0109,S0013,S0109,12
S0218,S0152,S0218,S0152,12
S0012,S0017,S0012,S0017,12
S0097,S0031,S0097,S0031,12
S0019,S0195,S0019,S0195,12
S0156,S0036,S0156,S0036,12
S0129,S0092,S0129,S0092,12
S0141,S0147,S0141,S0147,12
S0173,S0205,S0173,S0205,12
S0128,S0185,S0128,S0185,12
